N,P,K,temperature,humidity,ph,rainfall,label
29,12,13,29.67,94.52,6.09,108.59,orange
16,5,30,27.5,94.84,6.46,150.82,coconut
50,80,16,26.3,62.97,7.47,64.14,blackgram
102,14,54,27.89,91.69,6.19,27.21,muskmelon
30,16,12,26.49,92.99,6.18,106.26,orange
22,63,23,22.14,67.98,6.41,35.93,lentil
12,48,24,25.57,36.88,7.02,60.38,mothbeans
93,14,56,24.9,85.35,7.12,52.53,watermelon
107,13,49,27.27,84.49,6.48,41.84,watermelon
35,24,38,20.94,88.48,6.53,103.77,pomegranate
108,17,51,28.08,94.18,6.29,26.56,muskmelon
100,24,50,28.33,93.7,6.62,25.59,muskmelon
23,71,18,26.33,68.12,6.75,47.72,lentil
27,40,21,29.81,58.54,6.7,62.57,mothbeans
31,131,204,29.95,80.9,5.9,74.51,grapes
31,14,38,22.24,90.05,6.45,103.27,pomegranate
42,65,52,30.38,90.88,6.93,91.91,papaya
72,56,34,24.7,74.2,7.03,160.99,jute
36,22,37,19.24,89.66,6.67,103.5,pomegranate
109,24,30,26.62,59.5,6.93,153.41,coffee
23,136,204,27.99,81.82,5.78,69.34,grapes
28,2,29,27.16,94.51,5.71,149.69,coconut
79,55,39,24.65,75.7,6.22,147.55,jute
24,35,25,34.44,86.27,6.91,41.78,mungbean
79,51,39,24.57,81.25,7.42,164.72,jute
32,46,19,27.18,59.89,5.84,51.7,mothbeans
33,27,10,16.2,90.75,7.09,104.11,orange
106,90,47,26.98,82.69,6.02,106.41,banana
31,14,16,18.62,91.73,7.52,120.42,orange
105,37,20,20.1,70.77,6.56,94.43,maize
73,45,40,26.22,84.2,6.24,213.9,rice
37,126,199,23.27,91.65,6.0,113.66,apple
55,71,18,30.69,67.47,7.69,69.78,blackgram
34,55,23,32.92,84.61,6.64,49.95,mungbean
28,41,21,25.76,47.05,8.26,52.27,mothbeans
36,131,202,22.0,93.0,5.99,121.83,apple
32,143,202,30.76,82.32,5.87,68.38,grapes
42,53,52,39.03,95.32,6.89,148.58,papaya
36,64,17,23.18,21.0,5.68,105.8,kidneybeans
23,27,9,29.62,92.77,7.0,100.15,orange
27,6,29,25.35,90.01,5.9,170.58,coconut
89,47,38,21.85,84.62,5.89,245.41,rice
25,14,38,19.1,90.18,6.15,100.37,pomegranate
53,70,20,23.78,65.44,7.47,69.51,blackgram
47,54,50,42.63,92.24,6.76,142.21,papaya
25,44,19,29.81,49.85,4.02,57.73,mothbeans
27,56,25,34.58,83.91,6.13,42.13,mungbean
29,17,25,25.93,91.23,5.86,187.32,coconut
116,28,48,27.81,94.26,6.21,24.67,muskmelon
25,73,17,19.34,20.19,5.84,103.3,kidneybeans
29,21,39,22.61,92.88,5.57,111.07,pomegranate
33,22,30,26.6,94.9,5.75,144.68,coconut
35,72,74,20.89,17.01,8.61,71.17,chickpea
25,20,32,31.32,48.33,5.65,98.64,mango
35,32,29,33.04,47.7,5.31,97.74,mango
78,48,39,23.94,78.78,6.93,159.49,jute
40,64,17,30.36,65.22,6.74,68.87,blackgram
21,66,19,35.28,61.51,6.1,132.47,pigeonpeas
122,53,18,24.42,79.54,7.35,70.91,cotton
82,49,41,23.81,76.36,6.68,167.84,jute
34,127,201,34.4,80.78,5.78,72.18,grapes
27,72,22,32.34,54.71,6.22,148.55,pigeonpeas
88,24,48,27.11,93.79,6.28,22.09,muskmelon
46,65,82,21.54,16.56,7.2,78.78,chickpea
89,48,38,23.54,80.28,6.5,252.4,rice
44,66,74,19.54,14.43,7.11,74.56,chickpea
31,49,20,34.88,84.49,6.89,44.44,mungbean
38,130,200,21.99,92.14,6.07,111.74,apple
24,71,83,20.26,20.33,7.55,65.23,chickpea
125,23,31,25.5,51.58,6.66,152.85,coffee
44,61,24,29.31,65.55,7.19,70.74,blackgram
29,77,18,35.61,47.3,6.78,138.48,pigeonpeas
48,69,76,20.85,22.74,6.0,81.77,chickpea
25,53,24,30.47,88.01,6.26,42.21,mungbean
25,48,16,30.24,83.33,6.44,46.05,mungbean
29,16,39,21.53,89.97,5.9,107.04,pomegranate
27,130,199,26.6,82.21,6.57,69.65,grapes
99,39,39,24.86,76.56,6.55,181.95,jute
41,63,49,38.8,93.56,6.95,100.83,papaya
110,14,46,27.1,92.73,6.17,25.18,muskmelon
33,29,36,26.78,91.26,6.21,172.51,coconut
74,57,23,19.93,71.27,5.64,74.82,maize
25,62,22,29.52,59.59,6.13,135.02,pigeonpeas
86,27,29,24.68,54.0,6.71,120.1,coffee
35,11,30,26.66,93.75,5.97,171.58,coconut
25,25,30,29.78,47.32,5.91,91.84,mango
105,22,50,24.79,85.2,6.73,50.4,watermelon
48,58,20,30.58,63.73,7.35,67.82,blackgram
27,47,20,30.78,54.94,3.53,64.43,mothbeans
28,45,20,34.09,82.07,6.27,45.78,mungbean
23,66,23,32.09,54.82,6.4,134.16,pigeonpeas
27,137,200,23.59,91.48,6.04,126.11,apple
29,46,20,32.25,82.56,6.57,55.43,mungbean
89,42,19,23.23,64.16,6.18,84.79,maize
28,38,21,28.62,48.0,6.92,58.31,mothbeans
19,14,37,22.41,87.01,5.98,104.07,pomegranate
24,135,196,22.22,93.14,6.07,111.89,apple
83,51,41,23.98,74.2,7.46,160.16,jute
88,41,41,20.85,78.75,6.35,212.53,rice
22,140,197,22.83,92.67,5.94,115.63,apple
27,136,195,29.06,83.33,6.22,73.39,grapes
104,20,49,26.15,83.18,6.41,43.9,watermelon
29,68,21,21.63,64.97,6.56,48.54,lentil
34,82,18,22.98,66.21,6.04,44.97,lentil
103,88,52,27.44,80.13,6.48,100.82,banana
22,60,19,28.55,62.34,6.14,121.23,pigeonpeas
63,54,41,26.18,86.78,6.51,224.35,rice
30,73,20,33.02,52.72,4.97,159.35,pigeonpeas
114,18,45,26.26,84.45,6.38,50.84,watermelon
29,63,19,31.59,54.16,7.12,175.95,pigeonpeas
92,15,50,24.75,84.78,6.52,53.6,watermelon
95,34,34,25.95,65.29,7.16,173.3,coffee
17,23,7,31.13,95.11,7.29,109.14,orange
24,137,200,25.81,80.11,5.84,67.99,grapes
53,59,23,29.98,61.39,6.97,66.19,blackgram
25,62,17,32.16,63.87,7.32,151.02,pigeonpeas
31,77,21,30.89,55.73,6.08,125.71,pigeonpeas
38,119,202,21.71,82.16,5.93,74.14,grapes
35,130,202,22.33,80.27,5.91,70.13,grapes
72,50,19,17.47,69.63,6.32,98.48,maize
77,42,37,24.56,74.64,6.95,180.29,jute
31,36,19,36.51,83.67,6.68,63.12,mungbean
33,17,38,23.76,87.85,7.41,105.24,pomegranate
35,32,24,28.16,39.74,7.93,40.66,mothbeans
95,31,28,23.0,55.94,5.98,115.36,coffee
46,57,44,24.29,93.63,6.88,211.21,papaya
47,77,23,28.16,58.65,7.08,63.49,blackgram
104,48,25,23.27,80.8,7.39,76.88,cotton
84,44,42,25.32,76.39,7.04,179.88,jute
26,133,204,21.9,93.51,6.02,105.82,apple
82,49,24,25.42,60.62,6.74,77.31,maize
105,20,49,25.97,84.17,5.91,49.37,watermelon
95,31,54,27.94,94.15,6.23,26.08,muskmelon
73,54,39,24.04,79.2,6.71,168.22,jute
51,63,47,32.03,93.36,6.93,13.75,papaya
87,50,18,20.39,57.64,7.19,71.51,maize
113,21,51,24.81,85.39,6.63,43.41,watermelon
28,65,23,32.32,60.11,4.46,157.46,pigeonpeas
22,17,30,25.38,98.3,6.05,142.19,coconut
50,75,19,31.26,71.43,7.49,72.54,blackgram
31,71,21,23.96,64.91,6.16,35.77,lentil
120,34,27,28.19,56.96,6.33,141.21,coffee
85,31,50,25.19,89.69,6.06,56.1,watermelon
24,22,41,21.59,91.78,5.82,105.72,pomegranate
14,80,22,22.82,65.27,6.9,42.53,lentil
35,74,79,19.05,18.74,7.21,66.2,chickpea
87,47,41,26.16,77.55,6.6,171.87,jute
100,22,28,26.39,54.89,6.6,117.34,coffee
24,28,26,26.67,95.48,5.96,151.65,coconut
26,52,20,32.58,83.42,6.51,47.98,mungbean
114,51,20,24.17,76.72,7.28,92.05,cotton
85,53,40,24.68,77.18,7.39,170.38,jute
33,58,22,28.66,85.52,6.49,49.25,mungbean
92,31,31,27.52,59.36,6.54,144.76,coffee
30,72,19,32.44,65.14,5.03,162.7,pigeonpeas
95,22,46,25.49,84.69,6.37,52.52,watermelon
28,55,21,18.12,62.77,6.59,52.67,lentil
34,71,24,17.58,20.66,5.59,73.11,kidneybeans
28,131,205,22.79,93.67,6.33,114.79,apple
24,48,18,25.96,62.38,8.07,50.43,mothbeans
31,63,19,27.21,64.6,6.36,43.62,lentil
31,79,22,33.7,60.68,5.41,164.28,pigeonpeas
48,65,49,32.48,92.92,6.84,123.51,papaya
23,16,34,26.97,94.17,5.83,137.27,coconut
30,23,41,21.34,86.58,7.11,104.52,pomegranate
96,10,55,28.36,92.02,6.12,24.69,muskmelon
86,43,23,26.37,74.88,6.26,89.05,maize
85,89,45,27.47,82.01,5.81,94.11,banana
33,15,28,25.47,96.11,6.08,191.39,coconut
52,62,48,32.8,94.48,6.78,134.19,papaya
101,13,54,25.32,85.76,6.37,45.98,watermelon
30,73,80,22.51,17.39,8.04,79.85,chickpea
89,29,28,24.03,69.7,7.02,185.54,coffee
65,46,41,25.03,84.4,6.59,247.45,rice
108,30,25,24.19,58.79,6.28,156.23,coffee
86,39,32,28.16,55.43,6.8,178.8,coffee
34,28,32,30.19,54.5,6.57,93.51,mango
72,46,43,23.73,80.42,6.96,158.95,jute
23,44,24,31.51,84.53,7.1,51.19,mungbean
43,64,21,30.95,62.51,7.4,63.69,blackgram
83,40,39,25.1,76.69,7.15,186.11,jute
29,10,28,25.74,94.33,6.03,183.86,coconut
102,91,50,30.44,82.14,5.93,104.68,banana
73,53,22,25.98,68.56,6.32,93.41,maize
44,75,22,28.89,71.25,7.03,70.92,blackgram
22,130,197,22.74,93.73,5.94,113.21,apple
90,51,38,22.33,86.74,6.12,230.02,rice
29,16,28,26.49,93.57,6.52,209.32,coconut
96,17,45,28.17,90.94,6.38,24.98,muskmelon
68,49,40,27.04,83.47,6.58,192.93,rice
19,39,17,27.43,52.03,4.5,54.24,mothbeans
21,13,38,22.78,88.88,6.09,103.55,pomegranate
20,16,43,22.61,85.86,6.25,105.17,pomegranate
16,65,18,17.03,20.8,5.75,86.17,kidneybeans
21,48,19,36.58,85.59,6.85,41.66,mungbean
25,138,201,23.04,91.33,5.9,122.06,apple
91,49,16,20.06,68.79,5.96,71.37,maize
31,18,31,26.61,96.11,6.29,216.81,coconut
43,76,80,20.08,14.92,7.19,73.39,chickpea
19,134,203,22.58,91.31,5.75,122.33,apple
28,15,32,26.76,94.16,5.65,181.5,coconut
81,92,45,28.77,78.87,6.25,109.14,banana
36,30,31,34.03,51.83,6.46,88.94,mango
28,73,84,20.47,20.79,5.86,76.23,chickpea
13,35,19,33.05,89.43,6.83,49.38,mungbean
113,26,31,27.38,59.63,6.57,154.4,coffee
130,44,22,24.53,82.79,6.59,99.34,cotton
84,33,52,28.64,91.98,6.3,24.33,muskmelon
145,44,23,24.42,80.62,6.63,85.71,cotton
21,134,198,24.27,82.63,6.09,71.48,grapes
70,51,44,24.11,73.64,6.5,171.73,jute
103,34,30,26.0,65.07,6.89,140.68,coffee
58,65,48,23.61,91.32,6.81,40.99,papaya
31,14,28,26.45,94.8,6.15,163.44,coconut
47,68,19,27.9,66.67,6.71,69.79,blackgram
22,52,17,32.55,83.33,6.56,45.59,mungbean
22,66,18,21.32,21.42,5.76,147.61,kidneybeans
95,18,54,28.35,91.69,6.23,27.38,muskmelon
126,41,22,23.09,82.13,6.86,100.47,cotton
94,30,29,24.48,58.3,6.37,202.76,coffee
103,49,43,21.22,84.69,6.58,292.37,rice
30,49,24,28.48,46.56,4.48,42.68,mothbeans
44,59,48,32.25,93.62,6.89,202.5,papaya
23,133,199,31.12,82.48,6.14,69.4,grapes
22,132,204,21.43,91.14,5.77,114.36,apple
76,72,55,26.77,78.47,6.24,111.73,banana
25,61,18,34.87,53.94,6.21,131.9,pigeonpeas
21,40,22,35.62,86.01,6.99,56.67,mungbean
23,59,19,20.41,60.15,6.76,40.02,lentil
48,72,22,27.47,70.64,7.31,72.85,blackgram
34,66,21,23.0,64.09,6.57,46.49,lentil
20,29,29,32.66,52.25,6.18,96.03,mango
43,135,197,22.2,92.77,6.56,118.28,apple
23,53,17,27.59,85.79,6.84,42.88,mungbean
106,32,32,24.09,56.22,6.44,148.72,coffee
87,16,46,23.76,83.23,6.86,50.59,watermelon
80,40,42,25.56,78.23,6.69,170.94,jute
19,61,18,27.95,69.51,6.77,46.7,lentil
35,65,23,16.74,21.45,5.54,106.61,kidneybeans
32,62,18,31.52,69.46,6.75,68.36,blackgram
27,11,12,18.88,92.38,7.55,111.0,orange
27,64,23,30.15,63.1,6.51,47.17,lentil
36,126,203,16.94,81.83,5.9,68.61,grapes
50,77,77,19.49,20.84,6.94,73.78,chickpea
33,59,16,29.73,67.27,6.6,46.12,lentil
82,45,23,24.6,67.41,5.81,71.26,maize
96,16,51,27.84,92.64,6.11,28.06,muskmelon
28,140,198,22.49,93.63,5.87,123.58,apple
76,43,41,26.5,85.1,6.37,222.26,rice
31,21,43,19.1,88.45,5.38,103.95,pomegranate
29,38,19,31.42,50.89,4.42,31.27,mothbeans
81,19,49,28.06,93.42,6.47,29.6,muskmelon
29,17,8,14.47,93.71,6.52,108.71,orange
51,59,50,38.37,90.24,6.84,81.2,papaya
18,20,33,32.89,48.02,6.06,94.59,mango
93,57,35,20.96,87.02,6.17,228.34,rice
95,55,18,23.36,79.04,7.16,83.97,cotton
99,7,48,28.54,91.89,6.3,25.51,muskmelon
77,44,42,24.98,72.05,6.61,167.63,jute
17,67,20,25.22,65.05,6.18,51.51,lentil
106,30,30,24.49,58.09,6.33,171.54,coffee
28,19,30,27.1,94.63,6.27,177.5,coconut
91,49,41,24.15,75.96,6.19,180.98,jute
18,141,203,35.24,82.97,6.23,73.1,grapes
35,71,16,33.06,56.73,5.65,81.42,pigeonpeas
26,59,19,29.24,63.44,6.35,38.28,lentil
53,54,51,38.7,92.05,6.82,153.63,papaya
29,74,15,24.62,68.52,7.33,40.25,lentil
24,76,19,35.82,72.12,5.61,85.71,pigeonpeas
36,10,12,33.14,91.46,6.48,118.38,orange
49,63,21,27.52,71.51,6.34,66.06,blackgram
27,35,31,30.81,52.03,6.33,94.32,mango
28,75,14,18.82,21.37,5.86,114.52,kidneybeans
107,85,49,28.5,78.33,5.85,107.57,banana
13,60,20,18.97,19.57,5.83,82.99,kidneybeans
102,21,32,26.84,61.41,6.02,151.26,coffee
21,47,19,30.93,88.83,6.64,38.24,mungbean
90,26,31,27.25,58.06,6.5,173.85,coffee
32,68,22,30.58,69.7,6.78,46.69,lentil
37,71,22,18.68,23.19,5.77,137.68,kidneybeans
25,22,5,19.3,91.48,6.56,111.49,orange
101,20,47,25.9,84.51,6.47,47.04,watermelon
44,77,20,30.64,68.58,7.67,68.09,blackgram
22,19,42,21.07,88.84,6.15,108.31,pomegranate
24,142,201,22.5,93.02,6.33,118.14,apple
87,85,54,28.23,79.9,5.99,89.03,banana
24,68,79,18.62,20.27,5.78,69.52,chickpea
42,26,27,32.75,47.43,5.58,91.94,mango
18,13,36,23.81,89.38,6.21,101.42,pomegranate
24,17,8,19.09,93.15,6.64,97.55,orange
102,26,30,25.18,59.33,6.5,166.96,coffee
24,75,23,19.39,24.11,5.75,99.56,kidneybeans
36,15,11,21.38,92.91,6.31,107.97,orange
30,132,202,23.81,91.55,6.01,117.96,apple
28,78,76,19.1,16.87,8.34,67.4,chickpea
33,74,16,20.13,20.98,5.62,68.46,kidneybeans
99,49,39,24.46,83.73,6.17,249.06,rice
26,125,205,20.67,93.01,6.06,110.6,apple
24,52,18,29.18,61.61,7.27,38.17,mothbeans
106,27,30,26.15,54.65,7.0,156.3,coffee
25,65,22,19.18,20.36,5.67,71.26,kidneybeans
103,81,49,27.16,77.13,5.93,112.06,banana
24,130,195,21.69,91.96,6.09,103.28,apple
93,29,49,25.16,87.94,6.21,50.63,watermelon
28,126,205,22.63,91.93,5.91,111.52,apple
38,61,81,16.92,19.35,7.29,76.58,chickpea
47,68,20,32.53,67.17,7.34,69.75,blackgram
39,69,22,28.05,64.15,7.64,62.2,blackgram
17,31,30,32.22,51.73,6.71,94.15,mango
44,70,19,27.02,60.81,6.37,63.55,blackgram
92,22,52,24.82,90.39,6.43,44.53,watermelon
82,58,18,20.16,57.84,6.45,92.82,maize
82,91,49,27.79,80.32,6.17,109.91,banana
29,76,25,21.98,19.51,5.93,85.97,kidneybeans
31,81,18,30.87,60.07,6.1,130.56,pigeonpeas
35,69,26,35.32,68.81,7.05,167.86,pigeonpeas
32,53,20,33.37,84.71,6.45,39.58,mungbean
94,17,51,25.77,83.63,6.88,42.21,watermelon
42,79,78,19.46,17.29,7.53,78.9,chickpea
91,24,31,25.0,48.25,6.32,141.84,coffee
106,86,53,25.16,83.74,6.03,120.13,banana
53,70,18,29.66,64.28,6.93,66.93,blackgram
108,41,23,22.75,77.7,6.37,92.25,cotton
37,48,17,27.38,44.77,4.9,37.49,mothbeans
119,58,22,25.12,82.41,6.94,79.32,cotton
20,23,9,20.7,93.33,6.83,114.11,orange
36,67,20,21.62,20.74,5.72,93.91,kidneybeans
83,44,40,23.21,84.59,6.25,263.89,rice
43,65,20,19.93,66.39,6.83,46.42,lentil
91,49,42,24.52,80.81,6.68,167.3,jute
24,129,202,12.81,81.91,5.93,71.87,grapes
19,19,31,25.43,95.34,5.96,177.93,coconut
50,56,54,30.87,93.29,6.81,125.33,papaya
23,21,34,26.08,92.03,5.91,172.01,coconut
41,46,20,26.41,68.12,5.77,46.74,mothbeans
46,64,50,39.9,92.9,6.82,108.52,papaya
23,128,199,24.38,92.15,5.83,117.92,apple
36,73,86,20.64,21.21,6.31,69.44,chickpea
40,60,80,22.37,21.28,6.08,77.73,chickpea
98,21,49,25.61,85.81,6.41,55.02,watermelon
54,58,53,26.97,91.5,6.95,200.6,papaya
29,122,198,28.18,82.51,5.98,65.85,grapes
33,72,18,24.73,64.81,5.9,49.7,lentil
36,26,30,31.98,51.28,5.29,94.67,mango
92,18,47,24.89,84.25,6.31,46.76,watermelon
94,24,32,26.93,56.08,6.17,147.06,coffee
24,123,203,22.49,93.71,5.8,120.52,apple
23,25,32,32.59,48.69,6.36,94.67,mango
29,33,32,33.77,51.71,5.97,90.12,mango
26,127,198,29.07,82.3,5.62,69.67,grapes
113,23,46,25.15,84.38,6.05,39.6,watermelon
27,70,19,31.78,58.51,6.11,168.82,pigeonpeas
51,60,48,38.08,93.33,6.73,172.35,papaya
83,33,32,24.4,66.93,6.19,171.69,coffee
60,50,41,25.24,86.98,6.45,280.48,rice
40,16,41,25.7,90.74,6.07,101.19,pomegranate
19,19,33,26.73,96.44,6.04,213.69,coconut
25,15,40,22.36,89.35,6.37,111.25,pomegranate
34,31,31,30.22,50.28,5.79,94.91,mango
25,15,8,20.26,92.45,6.39,115.37,orange
24,78,22,31.83,62.76,6.4,141.77,pigeonpeas
103,89,51,26.56,81.59,5.85,108.0,banana
88,38,19,19.97,61.81,5.94,77.33,maize
32,22,36,20.2,86.05,6.03,104.77,pomegranate
114,42,20,23.22,83.48,7.87,88.2,cotton
49,61,51,43.29,90.72,6.97,59.69,papaya
27,59,21,34.79,56.49,6.0,160.09,pigeonpeas
31,16,36,23.01,88.59,7.12,103.39,pomegranate
34,67,16,18.83,20.77,5.91,130.56,kidneybeans
31,23,38,17.19,89.8,5.8,104.57,pomegranate
39,27,31,31.51,48.99,5.03,91.98,mango
103,22,50,25.82,85.46,6.55,56.88,watermelon
97,23,51,25.15,88.77,6.71,45.59,watermelon
24,65,24,16.73,21.11,5.76,126.83,kidneybeans
102,25,47,27.72,90.73,6.49,26.76,muskmelon
38,80,83,20.01,17.1,8.36,74.24,chickpea
92,78,55,24.84,77.46,5.78,111.74,banana
19,47,22,33.2,83.29,6.83,50.76,mungbean
42,69,86,21.06,18.69,7.16,76.74,chickpea
110,9,51,28.0,91.7,6.31,26.14,muskmelon
38,70,80,17.79,15.82,7.65,65.84,chickpea
83,42,43,24.51,76.33,6.36,177.72,jute
43,65,53,31.58,92.64,7.01,129.82,papaya
24,26,31,34.21,51.18,5.63,95.08,mango
93,6,49,27.93,93.08,6.26,20.36,muskmelon
98,23,52,28.26,94.13,6.33,22.11,muskmelon
37,72,80,22.31,19.21,5.69,72.82,chickpea
51,68,21,26.53,62.05,7.28,69.0,blackgram
46,72,75,16.47,16.0,6.94,73.58,chickpea
25,128,201,22.78,93.91,6.19,121.67,apple
29,68,17,15.21,23.57,5.72,116.35,kidneybeans
27,56,22,37.95,86.15,6.57,54.21,mungbean
28,39,22,27.98,47.23,5.78,31.19,mothbeans
104,53,22,25.03,79.82,8.11,83.7,cotton
33,51,20,27.99,59.66,7.95,45.47,mothbeans
111,83,52,27.37,80.09,6.05,101.71,banana
83,19,46,25.23,90.77,6.25,44.88,watermelon
47,62,19,33.21,66.84,7.11,65.74,blackgram
30,7,9,36.92,90.08,6.88,109.07,orange
39,63,79,19.87,13.93,6.91,82.04,chickpea
32,45,18,31.31,82.37,6.36,47.38,mungbean
75,42,41,24.22,75.58,6.9,184.78,jute
26,30,37,20.31,90.6,6.26,102.66,pomegranate
86,43,40,23.58,72.35,6.77,157.33,jute
103,28,33,25.25,55.31,6.54,131.76,coffee
114,43,19,23.59,83.25,6.59,85.08,cotton
26,63,26,22.46,64.66,6.42,49.45,lentil
45,71,51,27.95,91.08,6.79,80.84,papaya
76,49,42,26.03,84.89,6.22,253.74,rice
22,67,79,22.62,17.57,6.97,82.41,chickpea
126,49,23,25.47,81.65,6.44,78.63,cotton
95,26,30,26.94,68.85,6.86,161.98,coffee
109,20,48,27.36,90.51,6.45,26.74,muskmelon
108,14,49,25.54,87.99,6.72,54.49,watermelon
34,66,20,19.39,20.31,6.06,83.94,kidneybeans
35,69,81,18.38,17.7,6.38,76.65,chickpea
86,85,49,28.38,80.3,6.05,109.72,banana
42,66,48,34.77,92.02,6.74,135.36,papaya
106,83,45,31.33,79.05,6.27,106.06,banana
32,75,78,19.49,19.08,7.12,68.5,chickpea
78,55,40,24.31,79.4,6.79,167.05,jute
103,72,51,29.02,80.46,6.18,105.12,banana
90,18,50,25.92,87.92,6.45,49.21,watermelon
39,65,18,30.25,61.12,7.64,68.66,blackgram
36,141,201,22.85,93.51,5.38,121.13,apple
101,80,49,29.49,84.06,5.9,99.15,banana
44,61,14,29.7,66.51,7.55,64.86,blackgram
108,84,51,27.55,83.9,6.4,99.07,banana
31,129,201,22.35,91.16,5.98,109.66,apple
34,73,25,30.32,54.49,6.89,194.92,pigeonpeas
110,31,29,26.62,69.75,6.98,143.4,coffee
89,7,50,28.19,95.06,6.23,23.76,muskmelon
39,71,21,33.95,64.48,7.54,67.56,blackgram
94,30,30,24.58,63.59,6.55,174.8,coffee
100,20,48,24.17,79.51,6.13,44.98,watermelon
43,35,34,32.25,48.72,6.04,94.64,mango
26,141,197,44.26,80.5,6.22,68.33,grapes
29,54,17,32.81,88.98,6.53,40.98,mungbean
105,10,52,27.42,92.38,6.13,29.03,muskmelon
119,45,22,24.35,81.17,7.58,86.37,cotton
32,72,81,21.49,17.99,6.19,72.94,chickpea
29,131,199,35.54,82.36,6.11,66.3,grapes
84,47,37,22.64,73.74,6.82,174.34,jute
17,25,11,25.25,93.23,7.25,103.6,orange
43,28,12,27.11,94.95,6.67,107.38,orange
101,14,50,25.6,83.67,6.75,53.0,watermelon
31,54,19,28.42,61.2,5.99,70.48,mothbeans
59,60,54,29.08,92.18,6.79,173.24,papaya
26,138,198,28.67,82.28,6.02,73.91,grapes
25,67,20,31.81,67.96,6.71,185.78,pigeonpeas
27,65,19,16.16,21.3,5.71,125.58,kidneybeans
21,16,34,26.44,95.07,6.1,186.5,coconut
92,59,41,24.23,76.97,6.89,165.63,jute
103,42,23,26.05,81.33,6.93,82.47,cotton
97,24,51,28.24,92.78,5.96,25.96,muskmelon
23,129,199,22.16,91.66,5.98,105.04,apple
95,5,51,24.04,87.75,6.31,55.78,watermelon
83,54,39,24.28,82.73,6.81,258.97,rice
34,15,30,26.56,94.05,6.12,179.84,coconut
51,62,52,36.29,91.82,6.7,111.46,papaya
30,74,20,31.71,41.88,6.74,123.73,pigeonpeas
30,22,39,21.0,84.12,7.03,104.43,pomegranate
88,56,41,24.96,88.57,6.48,197.31,rice
26,54,22,26.92,64.1,7.01,47.94,lentil
23,83,19,21.22,20.68,5.85,82.62,kidneybeans
67,47,21,21.19,57.81,6.66,79.81,maize
77,46,40,23.91,87.91,6.66,243.32,rice
17,132,197,22.21,92.63,5.9,115.02,apple
33,133,198,23.17,90.5,6.1,114.87,apple
93,40,40,24.74,76.97,6.38,188.9,jute
31,50,20,28.73,84.66,7.02,48.04,mungbean
102,53,20,23.77,77.27,5.98,69.44,cotton
30,132,200,17.3,81.82,5.84,66.81,grapes
119,55,21,23.52,77.94,6.86,83.41,cotton
41,69,20,30.39,61.57,5.9,164.63,pigeonpeas
42,71,47,27.95,93.83,6.77,150.12,papaya
103,78,50,31.49,82.71,5.96,110.34,banana
25,13,10,7.43,90.22,7.04,97.5,orange
89,84,45,28.95,77.96,6.4,101.06,banana
38,57,18,31.6,83.12,6.68,36.14,mungbean
25,58,20,28.92,41.88,5.41,132.94,pigeonpeas
107,74,52,26.7,79.48,6.43,106.91,banana
43,76,20,33.09,72.92,7.3,61.36,blackgram
19,50,19,30.49,47.05,6.13,47.68,mothbeans
29,62,22,23.07,69.2,6.87,47.39,lentil
121,9,46,28.16,91.9,6.79,21.92,muskmelon
18,46,20,30.23,82.01,6.58,39.81,mungbean
77,47,19,21.62,66.16,5.87,85.86,maize
34,20,8,35.91,90.83,6.94,106.92,orange
90,27,55,24.71,82.41,6.43,53.89,watermelon
81,51,43,22.6,80.68,6.57,246.89,rice
28,34,33,31.18,51.35,5.96,98.98,mango
40,131,198,46.25,82.43,5.73,72.81,grapes
73,51,41,25.17,73.74,7.29,174.02,jute
73,52,37,24.05,86.05,6.31,299.98,rice
91,19,51,26.3,89.65,6.96,54.43,watermelon
19,26,27,26.34,95.08,5.77,155.62,coconut
31,44,16,32.42,85.72,6.89,49.78,mungbean
86,54,42,24.99,76.08,6.08,167.9,jute
81,15,50,26.83,86.59,6.37,46.36,watermelon
26,72,20,32.18,58.25,5.59,191.78,pigeonpeas
100,20,45,25.09,83.61,5.92,46.02,watermelon
29,135,197,34.56,83.52,6.13,73.87,grapes
27,24,26,28.5,45.36,5.71,92.46,mango
29,12,9,19.42,92.89,6.85,112.03,orange
37,39,24,32.18,86.55,6.92,53.51,mungbean
20,21,25,25.39,97.04,6.56,128.12,coconut
21,57,16,35.27,86.23,6.57,42.63,mungbean
84,47,22,22.23,64.03,6.91,87.06,maize
61,49,38,23.69,83.84,6.84,197.3,rice
86,10,50,25.95,86.8,6.71,56.98,watermelon
32,80,20,18.13,22.54,5.76,107.21,kidneybeans
127,49,21,24.02,83.57,7.01,76.28,cotton
112,89,48,26.11,84.98,6.06,96.92,banana
21,74,18,17.0,19.27,5.77,133.47,kidneybeans
28,16,29,33.46,49.72,5.13,97.61,mango
25,139,200,22.64,93.0,5.74,106.57,apple
111,52,22,21.91,78.98,7.58,76.0,cotton
24,13,7,16.0,90.44,6.84,111.98,orange
24,21,8,12.82,93.21,6.73,105.12,orange
28,50,20,34.5,82.77,6.8,57.12,mungbean
37,136,197,22.06,91.66,5.56,121.75,apple
124,53,18,23.73,80.8,7.21,79.55,cotton
14,43,20,33.13,84.16,6.81,41.96,mungbean
122,53,21,23.16,77.68,7.09,74.7,cotton
48,65,22,27.39,60.12,7.29,62.33,blackgram
29,43,20,28.26,53.98,6.75,52.77,mothbeans
37,55,47,45.78,93.28,6.81,210.41,papaya
100,40,21,25.1,81.43,7.06,81.33,cotton
15,126,203,18.37,81.97,6.27,67.33,grapes
27,54,18,25.58,62.53,4.89,53.56,mothbeans
31,21,38,22.46,88.68,7.12,105.28,pomegranate
31,20,42,22.12,87.36,6.07,108.47,pomegranate
29,52,19,27.21,63.51,9.02,45.04,mothbeans
78,46,17,21.77,62.61,5.31,91.28,maize
128,55,19,22.47,83.32,6.71,65.72,cotton
92,7,53,27.7,91.54,6.1,25.65,muskmelon
23,131,200,23.32,93.71,6.05,115.66,apple
25,21,12,19.48,94.14,7.0,107.88,orange
104,24,49,28.2,91.77,6.74,27.13,muskmelon
34,27,29,26.41,93.65,6.08,196.8,coconut
17,54,21,34.57,82.74,6.44,46.29,mungbean
33,22,27,30.97,50.38,6.29,93.22,mango
29,49,21,35.01,82.82,6.95,48.54,mungbean
40,54,24,33.94,87.63,7.19,47.16,mungbean
95,34,21,19.68,64.28,6.18,106.22,maize
26,70,18,34.25,60.06,5.65,170.99,pigeonpeas
26,134,201,28.57,81.51,5.6,70.24,grapes
94,22,51,28.29,93.18,6.01,26.95,muskmelon
80,42,19,19.83,62.99,5.93,88.05,maize
23,10,31,25.83,90.22,5.69,221.75,coconut
90,37,33,26.05,59.12,6.53,137.72,coffee
29,63,83,21.5,23.0,7.21,68.69,chickpea
26,29,29,33.08,52.23,6.16,93.09,mango
82,46,38,26.34,76.26,6.97,169.76,jute
75,41,20,21.9,59.65,6.56,95.58,maize
26,49,17,29.7,57.33,8.26,63.68,mothbeans
94,90,51,26.73,83.22,6.23,106.47,banana
43,68,21,28.28,65.27,6.99,68.19,blackgram
30,133,204,22.91,91.5,5.77,113.32,apple
47,77,24,27.54,67.12,6.99,70.59,blackgram
20,66,16,22.41,67.1,6.92,53.2,lentil
78,52,40,24.17,73.25,6.95,181.09,jute
100,17,48,27.51,92.9,6.03,26.47,muskmelon
58,42,39,23.74,77.4,7.01,167.95,jute
44,58,47,44.63,92.42,6.96,192.96,papaya
103,57,37,22.8,86.07,6.7,199.55,rice
31,16,34,18.09,89.12,6.1,104.14,pomegranate
32,134,198,30.18,81.86,6.31,69.45,grapes
23,22,11,15.42,91.65,6.3,111.38,orange
97,55,22,24.36,61.05,5.71,97.29,maize
27,75,18,27.9,55.18,6.34,104.58,pigeonpeas
22,24,29,30.24,43.75,4.78,94.92,mango
140,54,22,23.09,77.97,7.2,72.88,cotton
33,26,35,34.64,51.82,6.65,92.72,mango
56,61,46,35.85,91.72,6.88,101.17,papaya
55,72,21,27.93,70.75,7.25,68.25,blackgram
92,17,28,26.42,69.75,6.31,156.07,coffee
34,23,28,30.57,49.5,7.01,96.84,mango
117,72,53,26.41,78.77,5.65,101.48,banana
75,32,18,21.26,61.95,6.13,80.07,maize
33,46,19,29.32,82.97,6.49,41.43,mungbean
82,52,40,24.52,77.3,6.56,184.94,jute
34,30,7,28.58,93.77,6.69,105.45,orange
53,55,51,40.69,91.94,6.88,140.06,papaya
26,125,204,35.52,80.63,5.96,71.34,grapes
34,49,25,34.83,86.38,7.05,42.48,mungbean
98,17,50,24.15,86.44,6.69,53.88,watermelon
33,46,22,30.72,53.99,7.68,41.59,mothbeans
109,13,48,27.53,90.66,6.44,21.82,muskmelon
31,122,196,21.99,91.77,5.96,111.73,apple
49,71,19,23.75,67.8,7.18,64.76,blackgram
97,86,53,29.21,84.02,6.18,108.4,banana
50,63,21,29.62,65.46,7.25,65.08,blackgram
102,17,49,25.28,88.72,6.75,49.33,watermelon
32,57,18,21.59,20.25,5.68,85.64,kidneybeans
47,77,16,30.42,69.72,6.92,69.31,blackgram
18,13,15,28.12,91.74,6.93,107.88,orange
91,13,55,28.1,92.45,6.63,26.47,muskmelon
28,43,20,30.4,84.72,6.3,48.58,mungbean
44,76,83,19.76,15.55,8.08,65.22,chickpea
28,28,33,29.37,44.25,5.4,92.31,mango
76,41,42,22.47,85.86,6.02,271.3,rice
80,11,50,27.4,93.26,6.46,27.22,muskmelon
92,12,51,27.23,91.37,6.72,19.7,muskmelon
33,77,82,18.68,19.46,6.47,70.81,chickpea
105,86,46,28.97,76.64,6.05,114.26,banana
38,69,21,30.51,65.39,7.24,63.36,blackgram
34,68,22,36.75,61.44,6.01,134.89,pigeonpeas
121,47,21,24.48,82.38,6.95,72.64,cotton
111,47,25,22.78,77.88,6.81,73.52,cotton
27,27,30,28.59,46.75,4.19,98.54,mango
30,24,43,20.92,90.28,6.02,109.28,pomegranate
90,25,48,28.67,92.73,6.21,25.17,muskmelon
25,125,200,16.43,81.32,5.86,74.3,grapes
66,39,19,21.58,69.91,6.42,81.74,maize
24,30,31,33.03,52.73,5.85,93.91,mango
25,21,38,21.54,85.95,6.71,107.0,pomegranate
109,50,19,25.08,79.24,7.13,83.74,cotton
96,31,52,28.1,92.35,6.1,22.13,muskmelon
86,45,40,25.42,80.96,6.98,163.06,jute
16,45,25,28.87,45.4,7.65,53.5,mothbeans
54,71,21,28.38,69.55,7.35,67.9,blackgram
31,72,16,32.83,44.96,6.5,115.15,pigeonpeas
102,12,47,28.4,89.38,6.44,23.93,muskmelon
81,52,39,23.67,83.06,6.82,225.14,rice
35,23,44,18.71,87.11,6.57,104.4,pomegranate
18,23,5,31.82,91.13,7.29,118.43,orange
90,51,46,23.44,86.55,6.58,233.34,rice
53,77,19,29.2,73.02,7.51,68.46,blackgram
27,39,15,31.61,85.7,6.4,36.33,mungbean
33,30,32,30.6,52.27,5.53,94.76,mango
79,17,28,27.42,50.31,6.71,151.04,coffee
45,63,18,28.99,70.07,6.97,68.57,blackgram
76,40,39,26.38,77.98,7.26,157.5,jute
91,83,52,24.35,78.4,6.31,97.2,banana
45,65,21,31.24,65.44,6.98,60.37,blackgram
32,49,22,26.96,45.74,7.09,80.62,mothbeans
118,19,51,27.94,92.5,6.57,23.69,muskmelon
27,25,10,23.77,92.56,6.61,111.76,orange
26,52,18,28.09,62.96,6.7,57.5,lentil
43,57,22,28.49,70.49,7.1,76.88,blackgram
83,40,38,23.58,86.26,6.65,225.65,rice
113,84,53,28.2,78.4,5.66,86.25,banana
20,68,16,21.46,20.47,5.85,109.11,kidneybeans
32,83,76,18.33,19.41,8.72,67.56,chickpea
79,40,40,23.61,89.61,6.74,271.02,rice
24,29,41,20.41,87.79,6.45,101.02,pomegranate
34,128,203,21.95,92.96,5.65,120.07,apple
30,47,22,37.55,85.0,6.83,42.81,mungbean
26,67,17,29.41,64.79,6.49,53.79,lentil
19,134,202,19.42,83.39,6.21,74.91,grapes
29,42,22,25.98,42.15,7.53,37.95,mothbeans
74,50,43,23.47,85.65,6.54,272.54,rice
27,17,32,31.47,52.12,6.65,93.69,mango
77,56,42,24.69,77.58,6.85,191.67,jute
92,48,42,23.5,82.44,6.15,210.91,rice
102,76,47,29.1,78.42,5.77,92.35,banana
37,25,31,31.44,52.63,5.49,91.3,mango
34,24,41,21.55,86.85,6.23,103.77,pomegranate
105,15,48,27.76,92.8,6.0,27.03,muskmelon
112,18,52,27.55,91.62,6.4,25.69,muskmelon
95,31,24,27.12,62.73,6.95,153.36,coffee
88,52,19,21.91,55.85,6.36,76.58,maize
70,39,37,25.54,75.37,6.17,152.7,jute
77,41,20,22.81,60.93,6.85,67.6,maize
52,46,51,29.79,90.97,6.77,164.46,papaya
38,128,200,21.71,84.33,6.01,72.17,grapes
26,137,200,21.94,92.41,6.13,114.44,apple
87,12,50,27.37,89.75,6.09,25.16,muskmelon
32,58,77,18.44,17.5,8.06,80.32,chickpea
121,23,48,25.59,83.42,6.47,52.95,watermelon
34,21,31,26.27,92.49,5.77,144.23,coconut
111,59,21,23.22,76.68,7.17,71.24,cotton
96,13,51,25.21,86.86,6.37,50.06,watermelon
33,46,21,32.27,86.25,6.71,46.69,mungbean
24,43,20,25.68,39.01,6.4,55.34,mothbeans
32,54,14,27.76,86.0,6.47,58.04,mungbean
29,21,28,26.17,94.25,5.87,146.88,coconut
109,67,50,28.37,78.75,6.27,113.47,banana
33,140,195,25.24,83.26,6.39,63.75,grapes
73,46,21,20.48,70.89,6.25,59.84,maize
87,39,23,25.19,64.51,6.26,93.44,maize
108,46,17,25.03,82.5,7.59,75.53,cotton
61,47,20,24.35,52.5,5.53,77.92,maize
90,46,40,22.82,83.72,6.17,281.4,rice
53,65,53,45.71,95.08,6.85,137.7,papaya
69,49,17,24.56,68.75,6.36,83.75,maize
25,74,22,20.78,21.81,5.75,128.1,kidneybeans
23,64,26,26.65,50.1,7.36,133.74,pigeonpeas
112,55,21,23.41,76.35,7.26,83.93,cotton
33,60,75,19.83,15.5,8.61,92.56,chickpea
21,75,20,13.81,21.04,5.73,120.99,kidneybeans
34,14,13,23.18,93.95,6.84,112.64,orange
17,76,18,23.66,23.86,6.04,100.71,kidneybeans
27,64,79,16.61,19.06,7.05,78.44,chickpea
94,30,28,24.21,57.29,6.6,119.93,coffee
37,135,200,23.55,94.79,5.92,121.85,apple
92,50,35,23.44,88.5,7.03,256.85,rice
28,57,20,22.06,63.48,6.28,44.66,lentil
43,72,81,18.22,15.8,7.19,82.81,chickpea
32,21,7,17.34,92.91,6.93,110.9,orange
100,85,48,28.05,79.99,6.26,101.51,banana
37,67,17,22.46,22.55,5.72,122.37,kidneybeans
48,73,22,30.39,70.5,7.17,68.27,blackgram
96,16,47,25.76,86.59,6.63,51.74,watermelon
30,64,24,26.44,61.27,6.74,52.84,lentil
31,34,22,37.53,81.41,6.64,58.24,mungbean
41,25,31,34.26,51.36,6.47,94.94,mango
40,17,9,22.63,91.87,6.24,110.47,orange
26,9,28,24.89,94.77,5.96,191.13,coconut
100,27,46,28.39,91.84,6.17,26.84,muskmelon
27,44,21,29.45,66.27,7.93,40.11,mothbeans
104,41,27,27.31,56.82,6.59,135.47,coffee
30,70,20,20.73,19.27,5.65,85.82,kidneybeans
22,18,29,28.59,47.25,7.31,101.16,mango
42,42,23,35.03,83.41,6.67,42.84,mungbean
110,17,50,25.49,87.32,6.4,59.68,watermelon
31,17,10,29.34,93.71,7.05,107.12,orange
105,87,50,29.7,81.6,6.4,106.95,banana
35,9,7,22.52,91.78,7.23,107.56,orange
116,50,19,23.89,79.25,8.02,91.08,cotton
122,81,51,27.04,78.61,5.96,99.63,banana
50,68,21,34.54,67.09,6.96,65.33,blackgram
64,42,41,24.68,74.75,6.29,184.99,jute
23,13,31,27.28,95.05,5.85,180.65,coconut
121,50,20,24.44,79.12,6.7,72.55,cotton
31,125,200,26.21,82.79,5.62,69.54,grapes
32,27,32,26.75,96.74,5.92,162.42,coconut
39,71,19,31.06,53.31,6.72,104.28,pigeonpeas
27,65,23,28.43,63.52,6.71,39.22,lentil
30,64,22,24.95,65.97,6.51,47.07,lentil
32,50,17,29.08,51.64,5.16,30.13,mothbeans
98,22,47,28.33,90.8,6.5,22.32,muskmelon
29,74,23,18.48,59.98,6.71,47.49,lentil
37,9,29,26.04,92.7,5.78,217.53,coconut
17,9,10,15.74,90.98,5.82,104.6,orange
84,35,17,22.17,66.73,6.22,72.44,maize
71,48,36,24.9,72.71,6.48,153.1,jute
50,66,50,25.15,92.12,6.84,105.53,papaya
31,60,26,30.1,85.82,6.39,63.12,mungbean
84,53,19,19.96,69.53,5.66,107.36,maize
28,66,81,20.4,17.16,6.92,71.52,chickpea
24,25,6,30.26,91.1,6.76,112.51,orange
25,122,202,23.5,93.11,6.1,113.58,apple
79,12,49,24.76,83.17,6.66,52.43,watermelon
27,58,19,35.15,61.74,6.9,197.94,pigeonpeas
27,64,78,20.17,20.24,6.26,72.82,chickpea
67,52,34,24.53,73.65,6.89,174.88,jute
95,73,50,27.97,80.3,6.06,107.13,banana
30,15,15,17.08,92.04,7.03,112.68,orange
23,136,202,32.56,82.44,5.89,70.26,grapes
17,54,19,25.42,54.53,7.55,53.46,mothbeans
88,54,21,21.59,70.09,6.91,93.26,maize
95,83,47,30.47,77.17,6.16,90.25,banana
34,69,76,20.57,17.07,7.33,83.37,chickpea
58,48,19,26.43,61.36,6.03,73.62,maize
34,36,21,25.14,46.55,6.53,65.81,mothbeans
17,17,31,26.65,93.86,6.01,211.12,coconut
36,129,200,22.97,80.65,6.08,67.66,grapes
91,16,51,25.79,82.22,6.76,49.68,watermelon
40,15,13,25.09,92.45,7.05,105.6,orange
28,50,17,27.93,49.83,6.59,53.9,mothbeans
25,21,41,21.46,86.12,6.49,104.14,pomegranate
27,132,197,22.83,93.58,6.01,117.48,apple
87,49,40,25.35,78.03,6.72,193.27,jute
50,59,52,30.42,91.37,6.87,130.6,papaya
34,52,20,28.58,62.59,3.89,60.92,mothbeans
32,19,27,26.11,95.07,5.94,174.92,coconut
79,48,36,24.94,86.63,6.78,307.49,rice
25,72,20,19.85,22.3,5.81,71.82,kidneybeans
138,45,20,23.99,82.18,8.08,89.9,cotton
89,42,39,24.16,78.45,7.01,177.17,jute
28,15,27,27.47,95.25,6.08,207.86,coconut
46,59,79,20.72,18.67,7.19,71.62,chickpea
35,56,20,30.29,50.58,6.26,43.18,mothbeans
31,21,36,23.2,87.68,6.09,102.95,pomegranate
85,49,38,22.93,86.25,6.5,243.71,rice
12,36,29,32.76,49.14,5.36,98.13,mango
24,21,43,25.63,87.26,6.47,102.54,pomegranate
98,28,31,23.44,52.94,6.88,146.0,coffee
25,23,25,34.99,48.23,5.03,92.16,mango
27,18,38,20.67,89.03,6.27,106.89,pomegranate
73,56,19,27.77,67.46,5.81,74.57,maize
77,47,45,23.48,90.6,6.39,250.52,rice
26,71,22,17.42,22.03,5.83,101.62,kidneybeans
67,43,43,21.16,84.8,6.52,210.04,rice
36,48,20,35.74,85.95,6.75,50.17,mungbean
18,139,200,21.95,94.06,6.45,120.64,apple
22,121,196,19.66,83.03,5.86,69.34,grapes
31,123,201,30.12,81.86,5.76,70.91,grapes
102,83,54,29.24,78.24,6.12,95.4,banana
26,70,21,26.41,69.94,6.11,38.83,lentil
15,13,7,30.47,90.66,6.94,114.07,orange
35,39,24,32.86,87.09,6.88,51.74,mungbean
49,48,53,34.59,95.48,6.88,241.14,papaya
27,126,198,9.25,82.59,5.97,70.01,grapes
32,69,50,26.56,94.22,6.89,153.05,papaya
43,75,17,28.27,56.81,7.21,163.07,pigeonpeas
49,61,20,30.76,70.33,7.08,63.44,blackgram
88,52,19,19.65,71.2,6.47,67.83,maize
18,57,23,20.46,23.33,5.9,106.53,kidneybeans
82,39,22,21.59,67.04,6.37,82.83,maize
74,53,18,23.7,58.24,6.06,97.79,maize
91,13,52,27.63,93.32,6.38,26.06,muskmelon
25,12,31,26.42,94.48,6.14,207.95,coconut
83,49,22,25.11,63.17,5.98,77.43,maize
33,69,19,26.41,63.56,6.59,41.42,lentil
30,52,20,28.63,87.14,7.12,46.72,mungbean
104,72,50,26.36,80.56,5.79,109.9,banana
75,53,36,23.56,85.63,6.42,261.71,rice
25,2,32,26.91,90.85,5.47,176.33,coconut
31,74,80,20.44,19.36,7.55,67.26,chickpea
32,79,14,19.52,20.39,5.96,95.85,kidneybeans
95,33,36,27.07,55.87,6.76,163.52,coffee
110,82,52,28.51,81.1,6.19,102.62,banana
94,28,30,26.42,68.5,6.67,157.41,coffee
23,42,23,38.23,87.48,6.77,54.52,mungbean
19,121,198,37.52,81.5,6.2,71.64,grapes
43,59,52,21.89,91.22,6.75,253.06,papaya
42,71,45,24.83,93.7,6.88,205.41,papaya
91,84,50,24.89,80.32,6.2,97.82,banana
44,72,20,29.13,74.0,7.01,71.67,blackgram
31,76,17,19.82,21.96,5.84,117.56,kidneybeans
79,49,42,24.42,73.8,6.01,190.44,jute
48,59,20,30.63,65.68,7.29,64.84,blackgram
97,53,23,24.79,70.29,5.58,96.01,maize
91,25,50,25.57,85.7,6.17,56.55,watermelon
31,73,21,25.63,66.39,6.84,50.89,lentil
15,75,19,23.47,66.25,7.05,51.68,lentil
40,14,37,21.37,90.01,6.64,103.64,pomegranate
30,79,21,30.04,63.92,5.05,161.5,pigeonpeas
28,75,24,24.38,66.27,6.59,42.95,lentil
38,70,78,19.75,19.27,8.19,77.46,chickpea
98,26,29,23.95,57.96,6.36,182.33,coffee
125,14,47,25.6,83.59,6.46,49.4,watermelon
38,67,82,19.63,19.78,8.03,64.05,chickpea
84,76,48,28.95,77.76,5.76,102.72,banana
32,78,22,31.51,63.37,5.16,147.77,pigeonpeas
37,24,36,22.07,90.22,6.71,109.65,pomegranate
30,48,20,30.51,86.84,6.47,45.17,mungbean
136,63,22,25.25,79.93,7.11,82.37,cotton
24,17,28,28.22,52.39,5.07,93.87,mango
35,68,22,24.08,68.08,6.94,48.93,lentil
79,49,23,23.37,66.44,7.19,82.89,maize
116,11,51,27.89,90.48,6.43,25.42,muskmelon
30,62,22,22.11,19.42,5.66,93.17,kidneybeans
50,61,15,27.6,63.91,7.53,63.2,blackgram
28,74,19,18.43,19.01,5.9,121.02,kidneybeans
23,71,16,23.28,63.41,6.36,40.32,lentil
27,71,18,30.23,50.66,6.05,157.55,pigeonpeas
105,23,46,29.06,92.96,6.56,24.22,muskmelon
75,43,40,23.01,85.51,5.97,300.07,rice
24,23,41,17.12,88.03,6.7,101.29,pomegranate
92,81,47,28.85,82.11,5.94,102.16,banana
94,14,53,25.3,83.48,6.71,54.79,watermelon
43,76,21,32.85,64.2,6.61,69.2,blackgram
112,47,19,23.03,80.64,6.66,88.56,cotton
34,26,31,33.61,45.93,5.72,94.83,mango
33,68,21,27.76,52.29,6.51,166.39,pigeonpeas
41,53,52,31.07,93.62,6.84,109.85,papaya
30,74,18,19.14,22.38,5.77,130.33,kidneybeans
103,13,53,24.24,84.38,6.62,52.03,watermelon
29,10,11,10.96,94.91,7.19,97.87,orange
70,42,34,25.23,75.86,6.36,171.97,jute
70,43,21,22.53,62.54,5.97,89.35,maize
34,65,82,20.22,16.04,7.66,84.25,chickpea
110,18,31,27.65,60.87,6.29,107.75,coffee
32,128,203,10.16,82.66,6.17,73.46,grapes
110,23,51,27.55,92.2,6.59,25.56,muskmelon
25,22,7,19.52,93.51,6.95,109.54,orange
114,27,31,25.78,68.26,6.66,156.36,coffee
87,78,53,28.63,82.52,5.57,100.64,banana
25,68,18,39.38,55.86,6.28,131.67,pigeonpeas
29,59,18,38.31,52.24,5.86,140.13,pigeonpeas
34,22,26,25.43,93.87,6.19,173.9,coconut
97,71,51,26.24,78.07,5.9,109.91,banana
38,69,23,33.16,76.88,7.05,68.26,blackgram
32,71,20,20.27,65.82,7.28,42.83,lentil
109,23,49,28.35,93.1,6.53,22.4,muskmelon
18,50,23,35.62,88.57,6.55,51.76,mungbean
29,63,24,21.54,20.47,5.73,84.58,kidneybeans
30,26,41,19.03,87.31,5.51,105.5,pomegranate
33,124,204,26.75,82.61,6.24,70.63,grapes
83,59,38,23.87,85.51,6.33,259.44,rice
82,45,18,21.96,57.79,6.88,70.9,maize
86,75,51,29.01,83.29,5.76,89.08,banana
40,54,18,28.27,56.4,5.96,68.62,mothbeans
53,49,51,34.76,94.26,6.97,220.02,papaya
49,64,47,35.94,90.47,6.86,169.17,papaya
96,87,52,25.91,79.4,6.39,123.75,banana
20,19,40,23.68,86.08,6.8,103.97,pomegranate
38,64,46,43.49,91.36,6.89,139.1,papaya
39,63,20,26.17,45.94,8.07,34.23,mothbeans
121,35,26,26.57,67.17,7.05,157.69,coffee
33,48,15,33.2,85.54,7.24,42.99,mungbean
22,54,22,31.62,86.26,6.72,58.3,mungbean
67,32,40,24.67,75.59,6.76,173.59,jute
92,53,42,24.43,74.95,6.55,168.14,jute
73,45,41,23.06,90.84,6.3,207.03,rice
111,90,50,28.6,79.97,6.34,112.86,banana
23,70,17,22.0,20.92,5.8,86.47,kidneybeans
103,74,51,28.18,81.84,5.68,101.72,banana
119,59,18,23.08,80.3,7.39,101.18,cotton
102,56,24,22.87,81.08,7.2,66.64,cotton
16,15,38,18.02,85.3,5.94,107.87,pomegranate
25,17,31,26.73,96.09,5.94,140.64,coconut
29,144,202,22.14,92.94,6.4,114.08,apple
68,47,37,25.04,75.13,6.96,173.91,jute
34,13,10,22.17,93.54,6.13,113.0,orange
93,47,39,25.33,76.17,7.29,190.82,jute
21,58,20,30.77,86.43,7.0,49.49,mungbean
33,132,200,22.64,92.3,6.08,110.18,apple
33,65,22,33.88,59.89,6.45,191.21,pigeonpeas
28,136,194,23.64,93.72,6.09,115.49,apple
89,40,34,24.62,73.24,6.86,168.29,jute
24,15,30,26.31,90.98,6.24,165.23,coconut
32,15,12,32.73,94.1,7.37,107.91,orange
35,76,18,35.29,52.43,5.45,142.21,pigeonpeas
32,66,20,21.86,63.81,6.89,43.29,lentil
19,41,21,26.85,49.87,5.68,50.84,mothbeans
35,63,18,33.05,70.2,7.13,65.45,blackgram
35,35,28,31.54,53.81,5.59,90.8,mango
34,55,22,26.45,49.13,7.83,45.87,mothbeans
24,41,20,26.75,83.49,6.84,45.13,mungbean
43,68,47,28.4,92.14,6.74,13.75,papaya
37,68,77,20.03,18.78,8.07,70.43,chickpea
55,35,37,25.37,82.83,6.44,205.09,rice
61,70,21,31.68,61.57,6.88,70.52,blackgram
32,16,28,26.11,95.5,5.7,191.26,coconut
30,19,37,25.88,88.82,6.48,105.21,pomegranate
71,50,38,23.44,87.72,6.12,300.17,rice
31,67,23,33.78,66.8,6.1,152.48,pigeonpeas
94,49,42,24.97,87.32,6.58,246.37,rice
29,19,12,23.53,92.76,6.81,107.15,orange
121,39,20,23.99,81.98,6.95,88.18,cotton
75,46,42,25.16,79.02,6.74,165.55,jute
51,67,21,29.32,64.68,6.76,66.73,blackgram
26,135,199,25.18,81.42,5.99,72.06,grapes
20,16,38,18.59,85.74,6.4,102.42,pomegranate
29,31,27,31.13,51.84,5.17,97.91,mango
30,130,195,22.28,93.79,6.02,113.86,apple
31,25,32,26.69,92.06,6.06,218.26,coconut
29,65,24,30.77,66.95,7.09,171.05,pigeonpeas
45,69,20,33.92,71.77,6.72,63.28,blackgram
58,72,24,28.12,69.06,7.19,63.45,blackgram
70,40,42,24.18,70.52,6.97,177.56,jute
118,54,23,25.21,78.94,6.56,83.62,cotton
77,13,50,28.14,93.95,6.4,23.44,muskmelon
31,63,22,29.76,84.71,6.67,39.55,mungbean
31,17,28,25.75,92.35,5.82,171.97,coconut
91,20,49,25.59,79.14,6.27,42.62,watermelon
109,16,49,27.79,91.43,6.38,27.92,muskmelon
45,57,49,32.17,90.91,6.96,117.49,papaya
91,43,18,22.5,74.66,6.37,96.7,maize
94,31,29,25.61,55.34,6.71,143.05,coffee
75,22,51,24.9,87.89,6.44,47.79,watermelon
85,43,34,24.77,57.64,6.7,185.17,coffee
23,70,23,22.75,66.21,6.02,54.01,lentil
34,74,21,17.47,21.82,5.83,112.96,kidneybeans
44,53,52,25.64,92.21,6.83,158.62,papaya
23,46,17,33.18,83.04,6.92,49.88,mungbean
29,68,20,17.93,20.71,5.9,117.23,kidneybeans
36,79,24,21.36,22.01,5.67,109.24,kidneybeans
28,30,30,29.58,49.67,5.29,95.43,mango
98,11,53,26.23,86.44,6.36,52.41,watermelon
25,20,30,26.63,93.01,6.13,206.31,coconut
51,67,20,31.36,65.64,6.84,65.24,blackgram
93,90,56,27.62,80.74,6.12,105.7,banana
18,51,21,29.18,47.89,7.61,35.98,mothbeans
23,129,195,20.96,90.94,5.41,110.98,apple
25,44,20,26.82,51.42,7.95,61.68,mothbeans
17,24,39,23.97,90.26,6.81,106.48,pomegranate
29,124,199,23.84,93.78,5.73,108.76,apple
34,66,21,30.56,49.7,6.64,152.2,pigeonpeas
22,43,21,28.92,60.44,7.84,54.23,mothbeans
29,45,22,31.94,84.47,6.98,44.59,mungbean
25,14,10,22.65,92.49,6.75,116.37,orange
44,53,48,29.68,92.48,6.74,108.29,papaya
24,54,18,29.01,62.19,7.52,47.01,mothbeans
44,64,47,30.56,91.26,6.91,159.0,papaya
110,30,47,25.41,88.64,6.76,42.94,watermelon
27,22,39,20.62,90.46,6.48,105.97,pomegranate
101,20,51,25.45,86.74,6.51,51.35,watermelon
27,46,16,33.65,78.75,6.61,38.18,mungbean
26,38,17,28.69,49.84,5.52,50.39,mothbeans
26,45,21,31.04,86.91,6.57,44.25,mungbean
117,48,15,23.54,81.36,6.99,83.5,cotton
31,70,21,36.45,55.73,5.07,142.86,pigeonpeas
106,79,54,27.49,80.07,6.32,106.4,banana
37,65,78,19.53,21.35,7.43,72.78,chickpea
85,26,34,25.51,56.34,6.12,135.27,coffee
48,59,55,37.06,94.44,6.87,108.37,papaya
36,46,25,35.5,83.37,6.83,49.02,mungbean
23,57,21,32.77,58.25,7.08,76.51,pigeonpeas
29,20,41,21.32,91.23,5.29,108.18,pomegranate
25,21,13,19.99,92.1,6.87,113.59,orange
30,37,16,36.35,84.93,7.03,50.8,mungbean
94,78,52,24.66,75.98,6.0,107.31,banana
19,65,18,22.19,61.49,7.06,48.73,lentil
98,81,46,27.86,78.17,5.76,96.62,banana
21,12,11,24.7,92.72,6.63,114.99,orange
82,40,26,20.27,68.4,6.8,83.63,maize
12,128,201,23.47,94.87,6.05,115.66,apple
117,81,47,27.63,82.33,5.86,113.38,banana
35,82,18,25.63,70.15,6.32,143.47,pigeonpeas
120,48,16,24.44,78.9,6.55,70.17,cotton
28,73,16,32.51,64.4,7.07,123.85,pigeonpeas
96,40,36,23.0,82.42,6.43,165.0,rice
35,19,13,15.02,91.8,6.87,108.14,orange
27,12,13,38.12,92.86,6.41,109.92,orange
81,53,20,23.16,64.68,5.79,84.61,maize
81,37,43,24.11,79.45,6.72,179.36,jute
74,50,38,24.95,75.44,6.87,167.66,jute
31,133,202,22.07,93.3,6.09,113.29,apple
21,23,13,30.96,92.49,6.65,98.01,orange
91,24,29,25.87,59.56,6.39,156.77,coffee
33,139,199,23.38,92.77,6.46,106.39,apple
51,52,48,40.29,93.31,7.0,79.34,papaya
20,129,200,23.52,93.59,6.13,120.19,apple
32,17,42,24.93,89.54,6.32,106.42,pomegranate
28,42,21,31.39,51.95,5.41,39.38,mothbeans
33,43,23,24.27,50.93,7.4,44.93,mothbeans
27,19,6,24.19,93.94,6.55,115.56,orange
117,93,55,28.17,81.15,5.8,95.03,banana
124,30,29,25.8,58.78,6.5,151.82,coffee
22,141,197,20.57,82.44,5.92,69.37,grapes
14,24,40,17.62,87.82,6.21,102.41,pomegranate
27,10,8,19.85,93.8,6.91,108.5,orange
93,76,51,28.44,77.94,5.88,108.18,banana
34,67,19,28.23,63.74,6.79,43.43,lentil
21,65,20,24.04,64.5,7.58,47.86,lentil
48,61,52,43.54,91.56,6.76,198.63,papaya
98,21,33,25.53,61.08,6.88,160.48,coffee
105,36,28,24.4,61.69,6.87,198.22,coffee
27,79,23,22.42,19.91,5.71,84.31,kidneybeans
115,30,28,26.13,65.55,6.31,162.7,coffee
27,45,19,32.49,82.41,6.98,52.99,mungbean
99,28,31,26.1,66.45,6.85,122.08,coffee
92,6,50,27.49,91.89,6.2,27.78,muskmelon
92,7,48,27.6,92.99,6.3,26.42,muskmelon
27,44,18,28.46,54.28,7.03,56.44,mothbeans
41,64,77,20.33,18.2,7.6,73.81,chickpea
104,89,51,27.54,81.45,5.94,118.09,banana
48,58,51,25.87,90.95,6.77,179.0,papaya
32,42,19,28.55,58.34,7.8,50.12,mothbeans
35,61,21,28.43,62.09,6.92,68.09,blackgram
102,33,30,24.99,66.5,6.2,141.9,coffee
86,36,41,22.79,85.0,6.62,251.72,rice
23,131,200,22.16,92.84,5.96,120.9,apple
91,8,51,25.76,83.93,7.12,52.18,watermelon
88,59,19,22.89,62.41,6.25,102.9,maize
19,22,5,15.52,95.16,6.92,108.82,orange
110,49,18,23.12,78.09,6.73,68.65,cotton
23,40,15,24.19,62.67,8.14,51.03,mothbeans
85,37,39,23.98,86.6,6.1,244.78,rice
24,31,31,32.74,55.51,6.08,89.08,mango
26,24,36,26.12,93.61,5.91,212.15,coconut
32,44,20,28.84,82.88,6.78,54.07,mungbean
108,18,29,25.86,53.9,6.44,148.73,coffee
115,81,52,28.81,76.58,6.62,97.55,banana
31,22,45,20.24,90.51,6.69,101.94,pomegranate
34,72,22,37.75,52.87,6.69,142.43,pigeonpeas
31,76,19,31.01,55.5,5.57,163.65,pigeonpeas
97,13,48,28.94,93.18,6.39,25.95,muskmelon
22,69,23,27.9,65.92,6.91,32.5,lentil
89,16,47,25.96,81.17,6.0,50.31,watermelon
29,59,18,19.99,21.7,5.76,55.35,kidneybeans
42,62,21,32.24,66.64,7.31,66.63,blackgram
35,26,28,26.31,97.31,5.85,176.54,coconut
35,64,86,17.25,18.39,7.04,69.22,chickpea
22,148,203,21.61,93.71,5.83,103.02,apple
81,45,17,23.24,63.95,6.7,93.32,maize
92,45,40,24.45,76.44,7.28,182.73,jute
35,140,201,25.3,81.14,5.66,68.86,grapes
132,44,18,22.89,78.93,7.04,70.86,cotton
93,21,49,28.66,91.19,6.29,25.44,muskmelon
93,14,52,28.25,91.58,6.34,23.9,muskmelon
90,16,53,26.82,82.77,6.95,49.74,watermelon
31,22,38,20.0,87.62,6.35,103.17,pomegranate
24,3,33,27.01,94.62,5.96,196.64,coconut
38,54,48,32.24,92.22,6.8,204.71,papaya
111,34,28,26.91,53.8,6.23,179.32,coffee
23,69,18,28.01,67.36,6.9,41.46,lentil
33,18,34,35.65,49.98,6.61,93.03,mango
32,68,82,19.03,22.65,7.2,71.37,chickpea
22,61,21,23.41,64.23,6.97,49.41,lentil
78,49,41,22.61,86.05,6.93,206.77,rice
17,65,23,30.23,45.44,6.09,175.33,pigeonpeas
97,11,50,25.71,86.57,6.73,47.2,watermelon
130,50,20,23.18,84.83,6.16,87.23,cotton
36,74,22,22.42,68.67,7.04,38.54,lentil
121,12,50,28.78,94.8,6.5,25.97,muskmelon
90,20,50,29.0,94.53,6.34,26.74,muskmelon
92,82,54,26.92,80.55,6.23,104.27,banana
79,46,40,24.73,84.68,6.13,249.97,rice
18,64,80,18.86,16.01,6.7,75.53,chickpea
31,41,23,29.07,55.56,7.72,35.85,mothbeans
24,63,25,26.34,65.67,7.55,41.83,lentil
55,61,52,30.21,92.41,6.74,173.33,papaya
95,50,39,24.32,75.67,7.12,184.87,jute
95,38,17,22.78,80.54,7.29,55.44,cotton
112,49,21,23.37,81.56,6.82,75.42,cotton
51,77,18,28.4,71.82,7.31,65.86,blackgram
65,56,38,23.38,77.12,6.35,160.51,jute
41,53,25,32.0,82.79,6.71,42.96,mungbean
20,70,20,15.59,22.1,5.63,137.45,kidneybeans
28,35,29,32.18,46.41,4.98,95.72,mango
84,46,42,24.95,79.76,7.26,147.78,jute
98,22,50,28.85,91.61,6.5,24.99,muskmelon
41,50,51,40.39,93.07,6.77,146.01,papaya
16,44,21,31.54,82.82,7.05,57.52,mungbean
25,18,26,27.74,94.78,6.28,194.15,coconut
41,61,51,35.52,94.22,7.02,156.6,papaya
42,129,202,24.38,92.51,5.87,104.59,apple
21,19,30,30.6,45.7,6.49,97.73,mango
103,20,49,26.35,85.23,6.42,52.7,watermelon
30,38,16,31.5,44.99,6.07,53.31,mothbeans
32,19,6,19.05,91.55,5.95,112.79,orange
77,43,40,24.49,74.98,6.46,147.44,jute
48,74,16,30.69,62.94,7.96,67.69,blackgram
40,74,19,30.22,67.9,7.11,71.17,blackgram
33,42,23,27.65,40.27,5.29,36.78,mothbeans
33,74,19,22.93,67.2,6.97,35.42,lentil
88,42,42,21.86,82.36,6.55,243.91,rice
21,129,203,27.38,81.47,6.12,66.59,grapes
93,18,50,23.62,82.38,6.82,54.3,watermelon
103,22,33,25.52,68.27,6.89,170.17,coffee
15,18,6,17.93,92.92,6.01,113.11,orange
81,13,53,26.92,95.11,6.25,24.25,muskmelon
54,72,19,29.61,69.23,7.27,61.15,blackgram
107,53,19,24.48,76.97,8.15,72.32,cotton
16,58,17,30.0,85.26,6.88,57.02,mungbean
39,62,26,30.7,52.37,5.7,162.84,pigeonpeas
18,17,28,27.11,95.64,6.13,150.6,coconut
24,47,19,28.2,52.36,7.52,55.91,mothbeans
36,20,43,19.98,86.2,6.23,103.79,pomegranate
98,27,26,24.34,59.38,6.92,143.91,coffee
31,124,202,12.06,82.91,5.77,73.9,grapes
45,62,52,33.11,92.97,6.83,76.91,papaya
88,73,49,26.12,81.12,5.62,101.42,banana
117,52,19,22.04,78.11,7.18,71.76,cotton
33,6,31,26.88,93.61,6.44,177.66,coconut
30,22,27,29.27,47.45,5.85,97.56,mango
26,27,10,25.05,94.42,6.65,114.64,orange
24,17,30,27.53,97.74,6.11,122.93,coconut
80,48,23,19.96,67.26,6.45,95.14,maize
32,45,22,28.66,62.74,2.69,45.27,mothbeans
29,24,10,26.93,91.99,6.45,102.86,orange
85,22,51,26.26,88.23,6.32,50.1,watermelon
118,21,32,22.82,54.72,6.23,171.71,coffee
80,42,39,22.17,84.99,6.63,245.34,rice
28,54,23,30.25,57.61,7.9,46.72,mothbeans
76,48,23,23.09,63.33,6.51,111.84,maize
32,21,40,22.71,87.38,6.78,108.94,pomegranate
129,48,19,24.46,78.35,6.62,77.63,cotton
20,126,196,36.61,84.18,5.6,69.59,grapes
17,72,15,18.01,22.52,5.84,119.96,kidneybeans
93,22,49,27.94,93.3,6.61,28.04,muskmelon
36,28,34,31.19,52.58,5.46,92.99,mango
107,12,54,28.4,93.71,6.31,19.35,muskmelon
93,26,51,24.21,89.01,6.33,54.05,watermelon
24,36,17,25.63,50.01,8.59,52.4,mothbeans
34,30,14,20.27,92.79,6.53,111.74,orange
124,48,22,25.14,79.95,7.48,97.09,cotton
26,59,17,18.92,22.19,5.85,64.14,kidneybeans
115,12,50,27.86,91.3,6.59,26.4,muskmelon
110,23,28,24.16,69.19,6.66,157.14,coffee
108,13,50,24.12,82.55,6.26,44.16,watermelon
90,36,31,27.08,60.92,6.84,182.63,coffee
34,134,199,22.96,95.62,5.86,110.81,apple
34,43,27,34.54,45.76,5.7,92.22,mango
28,12,9,15.18,91.72,6.43,112.0,orange
27,63,19,19.96,21.73,5.68,83.24,kidneybeans
27,65,18,24.75,22.68,5.91,105.24,kidneybeans
46,50,48,21.46,93.37,6.85,82.65,papaya
26,19,37,20.13,88.01,5.86,105.23,pomegranate
30,26,29,27.08,94.43,6.13,176.23,coconut
26,19,41,22.92,87.37,5.86,105.49,pomegranate
32,55,23,22.47,66.63,5.79,42.83,lentil
66,49,38,21.6,84.61,6.04,260.96,rice
119,46,16,23.76,79.22,6.82,72.02,cotton
31,134,203,28.29,81.75,6.24,75.58,grapes
27,2,7,27.34,93.05,7.05,115.45,orange
98,48,23,20.53,67.95,6.59,75.6,maize
106,17,52,27.57,90.28,6.18,28.17,muskmelon
25,35,29,32.07,50.32,4.81,95.98,mango
86,49,45,23.93,84.26,6.53,284.48,rice
83,41,44,23.31,77.94,6.49,176.3,jute
47,70,21,28.8,66.33,6.59,69.74,blackgram
86,79,49,27.78,80.64,6.07,104.41,banana
32,25,32,25.9,97.27,5.69,187.03,coconut
22,127,199,13.46,81.28,6.0,66.1,grapes
16,16,30,27.18,91.36,6.23,204.15,coconut
27,126,199,34.51,82.05,5.81,71.72,grapes
95,80,46,27.41,79.61,6.07,109.31,banana
48,64,17,32.39,69.69,7.53,68.8,blackgram
125,58,21,23.44,78.24,6.53,80.32,cotton
28,122,204,22.83,82.84,6.15,69.94,grapes
19,68,19,22.85,20.9,5.63,120.61,kidneybeans
20,15,28,26.24,89.39,5.81,175.17,coconut
39,51,51,36.5,91.64,6.78,161.58,papaya
27,48,25,29.37,84.66,6.7,42.79,mungbean
23,46,24,26.03,44.54,8.82,49.33,mothbeans
29,75,21,18.68,65.58,6.83,40.05,lentil
19,27,28,30.93,53.54,5.8,91.17,mango
85,28,25,26.78,63.25,6.92,186.9,coffee
118,27,46,28.12,94.76,6.31,24.8,muskmelon
96,75,50,29.92,74.35,6.17,93.64,banana
122,50,22,24.58,81.15,6.76,92.29,cotton
39,139,199,23.58,82.4,6.36,71.94,grapes
54,53,47,26.84,92.12,6.85,133.93,papaya
24,34,30,34.17,49.05,5.81,92.94,mango
25,127,200,22.64,93.19,5.52,109.74,apple
16,19,46,20.24,88.46,7.23,105.1,pomegranate
27,133,202,21.51,91.81,5.77,122.39,apple
25,58,77,17.35,16.55,7.44,75.41,chickpea
19,65,21,20.24,23.06,5.5,86.2,kidneybeans
90,26,32,26.91,65.12,6.42,155.09,coffee
38,20,30,30.12,45.23,4.94,93.3,mango
92,87,46,27.41,81.22,6.04,93.48,banana
34,122,199,23.33,81.14,6.05,64.86,grapes
114,88,50,30.02,79.8,5.97,95.04,banana
39,12,28,30.89,46.67,4.19,94.63,mango
45,71,17,27.99,69.08,6.95,63.64,blackgram
24,66,20,36.55,57.19,6.07,140.49,pigeonpeas
67,50,19,23.44,61.91,5.86,76.93,maize
36,32,29,31.21,45.81,5.59,93.84,mango
89,42,24,25.11,67.43,6.0,85.82,maize
23,129,200,21.82,92.05,5.79,117.17,apple
76,55,42,23.5,82.02,6.64,221.09,rice
128,53,21,23.71,73.75,6.88,73.11,cotton
77,59,22,22.29,60.33,6.13,98.13,maize
21,142,206,3.75,81.63,6.12,71.22,grapes
97,35,30,26.74,50.56,6.68,126.93,coffee
87,55,43,24.65,72.25,7.15,187.88,jute
27,73,16,17.18,24.75,5.64,111.47,kidneybeans
28,29,26,33.47,48.95,5.77,95.7,mango
17,22,41,22.25,87.69,6.6,107.6,pomegranate
32,128,203,14.49,82.46,6.1,70.89,grapes
86,50,41,24.4,75.65,6.29,159.79,jute
15,24,39,21.64,91.13,7.01,106.65,pomegranate
23,19,10,12.87,93.13,7.0,104.69,orange
76,47,36,23.06,85.72,6.39,216.95,rice
75,55,38,25.76,74.19,6.97,174.63,jute
19,68,21,25.03,65.89,6.7,39.16,lentil
111,46,20,22.96,79.5,7.18,85.99,cotton
28,41,17,29.8,44.89,7.08,59.84,mothbeans
84,44,17,24.85,54.34,6.46,90.74,maize
78,58,37,24.01,91.25,6.28,195.14,rice
24,11,44,20.75,90.18,5.9,99.14,pomegranate
97,18,54,24.13,84.2,6.32,48.63,watermelon
83,17,47,27.97,92.02,6.45,25.31,muskmelon
78,45,37,24.46,74.94,6.81,180.62,jute
114,32,23,23.45,81.4,7.81,87.2,cotton
36,51,24,27.89,53.18,8.15,65.53,mothbeans
27,119,201,29.79,80.53,6.05,69.74,grapes
25,135,202,21.69,80.35,5.9,71.56,grapes
87,48,40,24.06,79.81,6.55,143.75,jute
48,69,51,38.45,90.75,6.98,229.29,papaya
40,72,23,19.18,22.34,5.85,82.08,kidneybeans
103,21,52,25.09,91.19,6.07,59.21,watermelon
26,37,22,37.05,83.79,6.4,54.53,mungbean
87,23,29,25.2,56.17,6.5,163.7,coffee
32,64,19,33.54,52.8,5.87,187.91,pigeonpeas
27,45,15,30.34,56.85,4.9,54.21,mothbeans
24,52,24,30.34,42.73,10.81,37.59,mothbeans
39,18,30,26.74,96.24,6.11,150.95,coconut
26,18,31,27.0,97.68,5.98,174.29,coconut
26,130,203,10.34,82.94,6.04,70.88,grapes
67,37,20,21.73,67.16,6.53,84.89,maize
22,133,198,22.34,93.28,5.38,106.47,apple
21,21,42,23.04,88.86,6.24,100.95,pomegranate
12,76,14,36.23,49.24,5.23,142.01,pigeonpeas
98,18,50,26.02,86.35,6.4,45.06,watermelon
34,75,80,18.41,19.43,6.09,59.1,chickpea
32,133,203,23.4,80.37,5.83,72.08,grapes
21,64,19,18.0,62.83,6.11,47.72,lentil
125,34,19,23.38,82.51,6.59,89.06,cotton
25,49,23,31.38,56.24,4.74,54.41,mothbeans
19,26,31,31.46,44.23,5.32,95.91,mango
25,117,201,37.96,82.63,6.04,68.19,grapes
49,76,23,27.93,68.66,7.23,64.93,blackgram
110,8,48,25.0,89.12,6.78,48.34,watermelon
104,11,47,24.95,85.98,6.23,53.85,watermelon
19,64,24,20.59,66.27,6.77,49.83,lentil
98,17,48,28.2,92.49,6.71,27.73,muskmelon
24,20,30,27.03,96.73,6.17,171.11,coconut
110,39,22,25.13,78.99,7.84,77.71,cotton
96,49,21,16.88,61.73,5.44,79.67,maize
28,67,23,30.4,56.84,6.1,144.25,pigeonpeas
22,21,31,26.31,97.98,5.86,181.59,coconut
27,5,11,22.11,91.64,6.63,109.69,orange
32,130,197,26.24,82.27,6.01,70.7,grapes
21,21,9,20.66,94.0,6.54,114.82,orange
93,82,51,28.74,80.89,6.12,109.53,banana
31,142,201,12.72,81.37,6.0,73.34,grapes
16,50,23,31.49,83.75,6.74,41.75,mungbean
18,132,198,23.56,79.55,6.23,65.39,grapes
45,53,50,31.22,92.24,6.95,211.6,papaya
100,82,47,27.53,82.38,6.1,107.87,banana
42,48,51,32.9,93.06,6.7,102.21,papaya
27,131,201,29.54,80.92,6.21,70.88,grapes
15,45,17,28.08,44.64,4.51,40.73,mothbeans
17,16,10,21.87,92.44,6.78,109.14,orange
110,22,31,24.99,62.11,6.94,170.36,coffee
29,46,20,31.58,79.49,6.49,42.32,mungbean
84,43,21,20.2,67.88,5.67,81.73,maize
38,43,17,28.26,55.93,6.27,36.46,mothbeans
25,45,20,33.24,83.87,6.82,44.5,mungbean
81,53,42,24.11,86.62,6.62,221.19,rice
44,59,49,32.18,90.74,6.82,201.81,papaya
29,46,20,28.18,50.93,6.73,42.52,mothbeans
26,138,201,27.84,82.11,5.81,68.1,grapes
24,34,28,30.09,49.22,5.58,88.77,mango
60,45,22,25.97,74.31,6.1,98.72,maize
17,27,24,31.78,56.17,5.14,92.27,mango
17,34,32,35.88,49.71,6.5,100.62,mango
91,22,30,27.27,67.54,6.34,187.02,coffee
26,17,27,30.34,50.19,6.5,94.7,mango
133,51,20,25.43,79.65,6.79,68.01,cotton
19,18,35,25.3,94.25,6.27,184.71,coconut
74,46,39,20.66,86.69,6.8,239.81,rice
32,51,17,28.32,49.27,5.28,52.21,mothbeans
32,62,85,19.21,21.47,6.93,73.45,chickpea
21,20,41,21.97,88.75,6.7,106.65,pomegranate
41,31,40,22.25,86.49,6.19,105.07,pomegranate
16,126,201,23.83,80.87,5.38,69.17,grapes
94,18,51,25.91,82.06,6.97,49.43,watermelon
94,52,17,28.12,59.01,6.11,76.25,maize
22,24,30,27.16,93.04,6.26,208.32,coconut
96,39,45,25.44,74.15,6.64,174.97,jute
78,53,42,23.3,82.85,6.26,217.78,rice
35,126,197,31.58,83.4,5.78,69.13,grapes
89,42,37,23.58,74.9,7.67,149.58,jute
26,60,17,27.86,89.99,6.76,44.82,mungbean
38,50,17,33.07,84.25,6.78,49.0,mungbean
19,126,203,21.95,93.02,6.12,114.11,apple
32,74,18,25.35,64.81,6.75,50.77,lentil
34,80,15,30.97,67.56,6.66,42.85,lentil
23,72,20,26.59,66.87,7.11,42.54,lentil
120,37,17,23.85,77.06,6.99,82.3,cotton
64,50,18,20.35,57.06,6.69,83.24,maize
50,55,48,23.79,91.41,6.89,135.29,papaya
57,36,40,23.32,85.86,6.31,203.27,rice
33,18,40,21.16,88.23,6.62,103.99,pomegranate
45,70,50,43.21,93.3,6.79,249.28,papaya
18,76,21,28.72,58.39,5.83,141.83,pigeonpeas
113,62,21,24.06,83.86,6.14,85.3,cotton
69,43,16,20.18,56.97,5.69,65.5,maize
76,55,36,23.56,74.01,6.63,165.23,jute
51,59,17,27.76,65.89,6.61,63.28,blackgram
83,41,41,24.3,74.24,6.78,161.13,jute
22,57,21,19.36,21.7,5.79,114.82,kidneybeans
12,58,18,26.07,60.92,6.35,51.06,lentil
27,66,19,22.06,62.93,6.78,47.86,lentil
33,64,23,24.26,62.73,6.38,41.86,lentil
27,35,20,25.44,53.35,9.59,55.3,mothbeans
118,50,17,24.74,83.56,7.51,69.98,cotton
42,58,19,19.33,20.4,5.8,96.72,kidneybeans
31,15,12,22.29,91.13,6.42,112.26,orange
39,132,200,18.34,83.12,5.93,70.76,grapes
31,57,24,32.18,52.54,6.81,84.55,pigeonpeas
16,26,12,22.46,92.97,6.53,118.09,orange
41,52,19,30.69,84.55,6.9,53.47,mungbean
74,47,42,22.23,84.27,6.04,207.53,rice
18,30,29,27.86,46.99,5.57,98.69,mango
104,23,31,25.36,57.88,6.96,174.26,coffee
28,71,19,26.47,60.59,5.65,181.21,pigeonpeas
68,52,41,26.04,83.13,6.51,238.24,rice
99,14,54,27.36,91.05,6.22,25.76,muskmelon
16,21,28,26.77,94.35,5.75,185.55,coconut
38,29,34,27.56,92.46,5.92,162.38,coconut
27,52,16,28.1,68.33,6.6,41.01,lentil
33,15,11,19.5,93.01,6.34,102.97,orange
22,17,27,25.23,94.51,5.64,236.88,coconut
43,57,19,33.15,73.46,7.49,59.55,blackgram
99,86,52,28.36,84.11,5.7,106.44,banana
90,29,33,24.37,61.6,6.79,104.38,coffee
53,67,22,32.34,62.24,7.09,65.14,blackgram
120,49,16,25.43,77.59,7.31,81.73,cotton
24,72,21,22.26,66.82,6.5,41.8,lentil
31,27,29,35.88,47.67,5.8,92.57,mango
28,131,199,23.38,90.78,6.22,112.92,apple
92,47,41,23.18,86.54,6.47,262.92,rice
42,14,7,11.03,91.29,6.76,107.35,orange
46,66,75,20.15,17.84,6.7,82.0,chickpea
19,70,21,19.24,19.79,5.74,124.89,kidneybeans
34,69,21,17.95,61.34,7.02,41.17,lentil
29,66,19,31.09,55.7,6.82,135.74,pigeonpeas
28,49,19,28.49,88.61,6.56,50.81,mungbean
95,81,50,30.48,76.77,6.1,118.55,banana
18,139,200,22.26,93.17,5.74,112.15,apple
105,81,52,27.61,77.67,5.75,93.26,banana
38,73,18,32.79,68.31,6.93,70.85,blackgram
74,51,38,24.99,76.1,6.36,197.63,jute
87,46,39,23.82,85.88,6.77,240.55,rice
73,43,21,20.04,70.83,6.33,69.04,maize
35,46,21,28.93,88.8,6.34,48.11,mungbean
38,65,22,31.03,69.24,4.82,155.16,pigeonpeas
25,15,35,19.19,89.03,6.14,109.11,pomegranate
34,135,201,23.08,91.67,5.94,102.61,apple
115,20,52,27.49,94.42,6.42,28.67,muskmelon
29,66,80,18.69,15.83,8.1,79.48,chickpea
18,23,40,21.18,87.49,5.98,106.54,pomegranate
26,63,25,23.04,63.7,6.13,47.1,lentil
63,48,39,21.15,80.57,6.53,257.71,rice
81,96,52,24.25,83.35,5.94,116.2,banana
26,72,21,33.6,52.93,4.99,142.41,pigeonpeas
73,51,19,24.21,67.94,6.64,96.26,maize
26,27,41,21.24,89.03,7.3,107.65,pomegranate
38,55,50,34.06,90.98,6.77,128.32,papaya
33,22,10,19.8,94.07,6.71,117.98,orange
25,75,78,19.9,15.7,7.55,78.47,chickpea
77,47,40,26.9,80.67,6.62,195.88,rice
28,128,199,24.48,82.08,6.12,68.98,grapes
28,75,20,18.93,24.75,5.98,109.43,kidneybeans
106,15,50,28.78,94.17,6.35,22.94,muskmelon
18,12,44,17.72,91.51,6.34,106.09,pomegranate
31,132,206,22.35,92.3,5.96,119.55,apple
97,11,48,27.04,85.16,6.72,52.92,watermelon
23,137,197,22.9,92.03,6.0,109.17,apple
113,82,48,29.72,83.37,5.92,101.11,banana
85,47,38,24.42,86.22,6.36,252.01,rice
13,17,29,28.3,53.79,5.58,92.57,mango
84,46,38,21.77,83.61,6.24,233.9,rice
103,87,55,28.3,77.77,5.81,94.95,banana
20,70,20,23.98,65.93,6.34,37.72,lentil
26,131,203,22.04,95.21,5.86,105.69,apple
121,48,17,25.18,80.38,7.25,81.88,cotton
45,57,44,36.79,93.6,6.79,66.62,papaya
30,52,23,30.53,54.49,7.93,55.49,mothbeans
25,66,20,23.86,65.71,6.64,36.59,lentil
17,25,39,17.99,89.89,5.63,104.06,pomegranate
22,130,202,24.38,91.79,6.15,108.76,apple
15,60,25,35.0,44.93,6.15,127.96,pigeonpeas
138,49,18,22.15,75.85,7.69,88.9,cotton
26,121,203,23.13,94.32,5.78,103.88,apple
72,59,40,22.05,84.07,6.74,219.46,rice
28,13,10,23.81,90.57,6.32,111.15,orange
90,52,37,27.14,89.95,6.55,212.87,rice
41,69,76,18.31,15.59,6.94,71.87,chickpea
62,57,50,32.57,92.7,6.93,107.06,papaya
28,132,200,23.19,91.62,6.27,109.83,apple
86,45,16,22.92,64.03,6.73,92.36,maize
29,19,32,30.37,45.39,5.06,92.73,mango
92,46,40,24.29,85.62,6.67,242.17,rice
39,69,81,20.11,16.61,8.13,64.88,chickpea
29,16,30,26.58,95.17,6.15,195.85,coconut
27,52,20,21.92,63.44,6.98,44.39,lentil
25,28,42,19.88,85.22,6.98,105.61,pomegranate
120,24,53,28.42,93.88,6.43,25.38,muskmelon
35,68,82,19.65,16.84,6.56,61.31,chickpea
41,68,81,19.37,15.66,6.64,81.28,chickpea
30,21,37,18.92,89.37,6.22,104.29,pomegranate
24,33,19,27.01,48.82,5.8,43.03,mothbeans
29,13,27,25.81,97.98,6.27,144.42,coconut
118,53,21,24.37,80.87,6.72,78.94,cotton
28,76,23,26.3,66.74,6.67,46.46,lentil
39,42,18,27.36,44.31,9.59,45.53,mothbeans
41,60,20,29.73,63.6,7.71,65.86,blackgram
45,59,23,32.56,59.87,6.45,61.8,blackgram
101,16,52,25.66,84.31,6.45,48.18,watermelon
19,131,195,11.27,81.06,5.54,68.23,grapes
19,23,41,21.74,89.39,6.6,106.21,pomegranate
41,79,22,32.4,69.74,7.11,58.12,blackgram
75,43,17,23.58,64.76,6.09,79.2,maize
38,15,12,27.28,91.42,6.97,115.33,orange
18,49,19,32.74,83.12,6.74,40.8,mungbean
28,65,21,19.01,66.15,6.7,46.6,lentil
41,68,21,29.94,65.06,6.89,61.14,blackgram
33,14,41,20.02,85.67,6.44,104.74,pomegranate
104,17,51,27.38,82.24,6.65,52.45,watermelon
36,25,34,27.13,48.46,6.08,97.1,mango
39,135,202,22.31,91.57,5.67,113.02,apple
30,67,19,28.58,59.9,6.67,38.03,lentil
136,50,16,23.5,78.29,7.0,81.82,cotton
35,129,204,22.69,82.38,6.32,68.15,grapes
37,136,201,22.87,92.14,6.16,117.4,apple
41,66,78,18.6,18.55,6.83,75.66,chickpea
124,54,18,23.96,79.71,7.26,55.7,cotton
23,52,22,24.66,44.86,5.15,52.21,mothbeans
126,46,14,23.29,81.45,6.77,82.34,cotton
23,42,21,30.79,54.2,5.49,67.38,mothbeans
98,26,50,28.17,93.41,6.62,24.18,muskmelon
97,6,51,28.12,92.66,6.4,22.86,muskmelon
26,79,16,32.37,58.61,6.27,119.31,pigeonpeas
94,53,42,19.34,86.78,6.64,223.5,rice
94,19,47,24.97,81.45,6.83,47.98,watermelon
28,139,197,27.78,82.4,5.94,69.7,grapes
101,18,50,27.8,92.11,6.45,25.97,muskmelon
31,67,17,25.48,21.4,5.85,161.25,kidneybeans
26,10,29,26.26,95.79,6.15,192.5,coconut
25,53,20,29.59,84.48,6.36,43.5,mungbean
52,63,22,26.7,71.92,6.36,66.83,blackgram
35,72,78,20.59,16.71,8.06,80.95,chickpea
97,12,50,25.89,82.88,6.45,50.06,watermelon
87,87,50,26.57,81.96,6.05,108.33,banana
28,48,18,25.48,50.11,8.16,61.7,mothbeans
29,73,86,18.72,20.6,7.48,73.22,chickpea
21,130,200,22.64,91.57,6.21,107.64,apple
17,69,21,33.98,60.98,6.56,101.44,pigeonpeas
27,69,17,23.22,64.49,6.51,41.72,lentil
60,40,42,25.78,89.76,6.95,178.33,rice
27,143,202,4.1,81.79,5.78,71.14,grapes
26,62,18,22.28,66.52,6.59,42.01,lentil
94,39,31,24.57,61.72,6.91,165.1,coffee
84,51,17,20.22,63.25,6.06,87.09,maize
87,43,43,23.57,78.46,6.83,163.17,jute
16,12,35,26.38,95.6,6.06,170.14,coconut
129,54,17,24.96,82.48,7.26,59.72,cotton
70,48,26,24.06,69.35,6.24,94.6,maize
28,133,200,24.94,79.65,5.77,70.77,grapes
20,136,201,26.49,81.29,6.12,68.79,grapes
26,63,20,15.45,21.64,5.77,115.04,kidneybeans
72,43,15,26.35,67.54,6.15,96.67,maize
42,55,52,27.85,90.67,6.74,231.27,papaya
98,79,49,26.55,77.78,6.31,108.18,banana
19,30,32,31.07,48.41,6.38,100.6,mango
33,64,18,36.49,58.81,5.38,133.34,pigeonpeas
31,22,41,19.15,86.54,7.1,103.49,pomegranate
32,7,31,26.68,93.59,6.1,190.61,coconut
25,134,200,20.69,82.25,5.9,68.52,grapes
42,61,16,27.52,66.72,6.76,70.2,blackgram
35,75,81,22.62,17.51,7.74,78.11,chickpea
40,70,21,25.12,65.94,7.16,48.63,lentil
74,45,22,24.89,62.91,6.2,112.59,maize
28,15,41,24.62,86.96,6.58,100.27,pomegranate
31,69,77,20.97,14.16,7.45,71.31,chickpea
70,53,40,26.25,90.7,6.51,193.56,rice
32,65,22,19.36,22.43,5.98,129.56,kidneybeans
38,14,7,22.8,94.41,6.65,110.39,orange
78,45,19,21.19,55.66,5.88,67.62,maize
102,22,27,25.56,51.88,6.81,188.81,coffee
85,52,42,25.95,83.62,6.78,216.21,rice
23,70,18,29.33,57.94,6.3,155.9,pigeonpeas
45,72,81,20.13,17.33,7.67,74.63,chickpea
26,57,20,30.52,86.7,6.94,44.55,mungbean
45,55,17,31.34,67.98,6.94,64.02,blackgram
77,47,41,25.58,76.08,7.18,167.89,jute
32,28,31,30.79,48.45,5.36,89.56,mango
85,34,26,25.93,56.9,6.95,147.76,coffee
114,47,19,25.48,82.74,7.11,84.64,cotton
43,72,17,28.39,65.33,7.36,62.1,blackgram
30,54,21,30.2,65.93,6.97,53.14,lentil
23,69,21,18.16,20.82,5.74,113.84,kidneybeans
20,48,20,29.15,53.17,6.45,66.65,mothbeans
35,72,77,17.25,18.5,7.02,74.22,chickpea
33,67,81,20.35,15.82,7.36,67.91,chickpea
33,13,41,23.53,90.38,6.66,109.63,pomegranate
31,76,19,33.52,51.16,7.03,127.99,pigeonpeas
84,52,17,22.11,58.94,6.49,91.63,maize
68,43,37,24.63,79.22,6.42,253.5,rice
98,84,50,27.75,77.61,6.1,109.17,banana
26,26,31,32.27,49.12,5.68,92.84,mango
95,16,52,28.22,92.16,6.4,28.85,muskmelon
49,62,83,19.59,22.46,8.36,70.14,chickpea
43,71,20,29.61,66.66,7.44,63.08,blackgram
30,20,10,16.96,92.7,6.37,111.65,orange
50,58,47,30.8,91.16,7.04,156.71,papaya
36,16,30,26.35,90.93,6.37,172.81,coconut
28,20,26,26.97,97.17,6.05,187.2,coconut
102,21,30,25.35,62.92,6.53,134.88,coffee
73,41,41,25.79,85.1,6.47,255.95,rice
106,11,53,25.92,85.59,6.79,51.26,watermelon
19,139,203,22.46,93.02,6.36,116.98,apple
102,48,18,23.87,76.54,7.0,87.19,cotton
84,51,20,26.86,62.93,6.08,53.75,maize
45,55,22,30.28,64.21,7.22,68.75,blackgram
24,29,10,27.52,91.5,6.63,97.5,orange
132,54,20,24.33,77.35,6.7,74.33,cotton
38,68,24,28.28,69.52,6.91,69.97,blackgram
50,67,50,33.27,92.64,6.99,219.04,papaya
30,67,21,20.76,21.25,5.71,83.11,kidneybeans
31,131,202,24.17,80.71,6.04,72.09,grapes
46,53,44,34.85,91.58,6.74,227.03,papaya
54,60,79,21.76,16.53,6.85,75.98,chickpea
44,71,22,28.69,73.39,7.16,62.88,blackgram
26,50,20,27.19,63.99,8.04,47.2,mothbeans
28,122,200,26.08,83.5,5.63,75.73,grapes
25,62,22,20.32,21.07,5.82,128.32,kidneybeans
44,64,50,36.15,92.15,6.78,133.74,papaya
28,50,20,30.1,85.96,6.65,44.4,mungbean
93,47,37,24.07,68.75,6.53,192.23,jute
24,18,11,26.68,92.18,6.9,111.1,orange
76,48,37,23.88,81.98,6.72,240.1,rice
21,25,10,21.72,91.47,6.19,115.54,orange
29,52,80,21.24,16.93,7.37,68.59,chickpea
103,84,48,28.48,77.58,5.86,99.28,banana
29,135,203,30.43,82.14,5.95,69.37,grapes
37,76,19,20.04,64.24,6.87,43.03,lentil
107,20,48,25.58,88.81,6.65,46.25,watermelon
54,60,52,23.14,92.99,6.97,233.85,papaya
34,50,52,36.32,91.74,6.84,103.38,papaya
33,44,22,28.55,54.02,6.97,28.24,mothbeans
112,41,22,22.2,82.36,6.94,80.29,cotton
23,67,81,17.3,16.95,7.74,86.62,chickpea
19,70,19,20.7,19.97,5.73,90.97,kidneybeans
35,47,25,26.31,55.26,6.36,69.28,mothbeans
41,138,200,22.63,90.26,5.85,113.46,apple
97,47,40,23.37,76.18,6.95,190.81,jute
31,75,77,20.36,17.65,7.4,79.79,chickpea
121,82,51,27.62,83.5,6.45,106.36,banana
27,122,199,23.6,90.33,5.66,110.33,apple
32,46,23,36.06,88.51,7.06,49.15,mungbean
120,51,18,23.63,80.1,5.75,85.58,cotton
95,31,26,26.6,64.34,6.57,131.34,coffee
17,13,37,23.44,88.26,6.37,106.48,pomegranate
27,67,19,20.19,21.34,5.94,139.64,kidneybeans
26,7,32,27.76,93.69,6.43,138.65,coconut
98,31,32,24.62,67.47,6.75,165.26,coffee
98,91,49,31.23,78.72,5.62,106.79,banana
19,57,18,33.21,57.51,6.4,144.45,pigeonpeas
26,42,22,29.94,86.06,6.82,57.91,mungbean
55,62,20,32.8,72.43,6.97,70.17,blackgram
12,61,23,26.4,67.86,6.77,46.14,lentil
24,25,8,23.08,90.91,6.25,105.15,orange
21,22,30,31.01,48.45,6.14,92.34,mango
30,52,20,30.37,83.92,6.55,44.35,mungbean
66,51,39,24.5,85.18,6.76,271.81,rice
28,14,28,27.0,94.72,6.04,160.88,coconut
44,60,50,31.77,93.48,6.84,166.05,papaya
122,54,17,24.09,74.95,7.22,69.91,cotton
31,134,200,25.07,80.82,6.47,70.32,grapes
39,70,20,34.94,53.61,7.16,188.19,pigeonpeas
21,39,15,29.56,58.0,6.25,51.83,mothbeans
21,70,23,19.68,66.67,6.26,44.64,lentil
30,142,195,22.47,92.65,5.9,113.21,apple
116,81,48,26.18,80.99,5.77,111.97,banana
34,134,202,23.69,90.43,6.03,106.46,apple
110,18,31,25.41,64.07,6.75,156.09,coffee
43,72,21,24.52,62.45,6.96,71.94,blackgram
111,26,49,26.75,92.87,6.56,21.92,muskmelon
42,67,84,17.51,15.85,7.92,70.09,chickpea
38,12,37,23.6,88.66,6.27,108.34,pomegranate
88,29,33,24.66,66.55,6.96,140.65,coffee
98,24,48,27.5,93.82,6.21,26.85,muskmelon
14,125,200,28.64,82.63,5.99,68.36,grapes
124,45,20,23.17,79.09,6.56,71.51,cotton
97,46,38,27.75,85.39,6.84,264.53,rice
124,46,17,26.39,82.69,7.44,76.02,cotton
88,36,37,24.37,76.84,6.87,169.93,jute
26,76,77,16.71,19.71,7.92,75.39,chickpea
22,74,19,25.39,64.13,6.6,44.14,lentil
112,44,20,24.45,83.43,7.39,64.66,cotton
17,25,29,27.16,98.84,6.59,166.83,coconut
32,72,80,19.26,18.51,5.96,75.5,chickpea
78,54,18,25.08,66.76,5.72,90.1,maize
110,17,49,26.96,84.34,6.43,47.67,watermelon
17,131,205,23.17,91.28,5.88,120.72,apple
26,131,199,21.59,94.99,5.86,110.27,apple
23,120,201,15.93,81.68,5.71,69.42,grapes
32,12,12,27.28,92.2,6.55,106.47,orange
73,34,18,19.28,67.93,6.98,108.23,maize
28,60,78,19.04,19.53,7.82,83.63,chickpea
96,11,54,23.9,86.75,6.67,49.1,watermelon
48,59,49,25.49,92.99,6.8,135.29,papaya
29,19,39,19.03,88.57,6.0,104.68,pomegranate
41,61,22,26.03,67.19,6.64,45.42,lentil
87,27,32,24.82,62.49,6.6,178.36,coffee
110,17,51,28.5,93.35,6.4,23.48,muskmelon
23,27,7,33.92,94.98,6.91,111.32,orange
34,69,78,21.44,16.74,7.48,83.49,chickpea
28,76,19,19.08,22.0,5.82,124.18,kidneybeans
16,59,22,32.11,44.04,5.52,173.85,pigeonpeas
36,60,77,19.36,17.84,7.38,83.38,chickpea
34,63,26,21.18,19.49,6.04,72.89,kidneybeans
101,23,45,27.95,92.59,6.29,25.27,muskmelon
29,76,16,19.24,21.07,6.0,128.1,kidneybeans
21,126,200,18.64,82.05,5.97,71.25,grapes
59,50,37,21.34,80.06,6.22,257.05,rice
29,65,22,21.28,68.34,6.64,47.1,lentil
74,49,41,23.8,73.63,7.22,195.01,jute
42,68,85,20.1,19.5,6.77,71.95,chickpea
38,131,200,21.04,81.97,5.75,67.13,grapes
82,44,18,23.38,63.36,6.0,75.39,maize
92,80,51,27.33,78.73,6.24,103.55,banana
33,138,203,26.28,82.99,5.92,72.52,grapes
88,24,52,28.32,92.23,6.37,21.89,muskmelon
53,48,48,40.09,92.03,6.94,205.04,papaya
89,49,20,26.44,60.27,5.81,77.52,maize
81,25,33,23.77,64.56,6.8,131.19,coffee
31,62,22,29.42,66.23,6.81,41.33,lentil
21,20,26,26.77,90.59,6.37,173.23,coconut
86,62,42,22.43,83.6,6.29,268.57,rice
25,63,21,32.46,51.84,6.57,144.75,pigeonpeas
26,133,201,32.46,83.1,6.62,70.55,grapes
86,56,18,21.78,65.24,6.14,84.35,maize
27,65,18,19.66,20.47,5.75,140.48,kidneybeans
94,75,47,26.61,77.67,6.08,106.36,banana
27,147,201,23.1,93.26,5.85,112.85,apple
79,22,34,26.38,71.62,6.7,149.93,coffee
23,53,21,32.02,51.93,8.22,71.11,mothbeans
29,19,42,22.22,87.84,6.2,105.31,pomegranate
22,77,21,33.39,61.34,6.36,165.57,pigeonpeas
32,5,35,26.55,93.24,5.75,133.43,coconut
70,51,41,24.47,76.38,6.57,150.09,jute
126,53,26,24.45,81.35,7.25,88.44,cotton
108,17,51,24.08,83.17,6.28,43.13,watermelon
48,83,17,29.21,72.5,6.99,71.68,blackgram
25,140,195,22.2,94.21,5.48,123.65,apple
26,133,203,23.55,81.39,6.45,69.61,grapes
121,44,19,23.35,80.77,6.52,71.2,cotton
56,57,48,30.6,93.76,6.77,214.94,papaya
20,63,18,18.8,22.17,5.61,118.73,kidneybeans
21,11,29,26.66,95.76,6.15,170.69,coconut
112,23,48,24.98,80.83,6.51,52.06,watermelon
43,58,47,31.25,91.82,6.87,164.54,papaya
37,130,198,23.94,92.99,6.35,110.72,apple
88,36,44,23.94,82.15,7.0,259.32,rice
83,47,17,20.61,64.09,6.4,71.88,maize
33,27,31,30.13,49.5,4.62,94.22,mango
99,17,52,28.37,94.25,6.26,24.86,muskmelon
30,73,20,29.06,59.72,5.97,113.5,pigeonpeas
28,60,20,17.14,20.05,5.63,112.49,kidneybeans
47,65,46,38.33,93.02,6.85,221.52,papaya
97,27,29,24.85,61.71,6.46,147.3,coffee
98,45,17,25.47,71.18,6.29,67.06,maize
29,19,38,23.66,86.47,6.4,107.84,pomegranate
36,65,84,19.19,15.13,7.54,66.39,chickpea
25,32,18,30.62,87.12,6.69,46.12,mungbean
40,17,32,32.4,49.5,6.14,94.22,mango
37,11,12,13.49,91.61,6.71,112.17,orange
35,35,26,29.53,52.31,4.95,92.91,mango
22,20,11,28.38,92.72,6.6,115.01,orange
80,48,21,22.43,69.46,6.87,86.01,maize
138,41,20,23.91,82.62,6.54,65.61,cotton
49,67,20,28.74,68.06,7.24,65.15,blackgram
18,27,30,25.57,93.12,6.32,151.4,coconut
31,43,14,33.61,83.07,6.65,31.97,mungbean
22,40,21,28.25,58.62,7.6,57.27,mothbeans
95,48,43,22.8,83.14,6.33,285.82,rice
27,65,18,34.98,44.74,7.84,176.74,pigeonpeas
78,59,37,23.02,81.28,6.66,233.24,rice
43,136,199,22.71,91.52,5.57,109.97,apple
94,54,38,24.6,72.55,6.59,168.5,jute
25,10,6,16.58,93.12,7.0,110.87,orange
19,134,203,24.28,92.46,5.88,115.14,apple
121,41,19,24.72,80.78,7.45,77.02,cotton
28,12,8,25.81,93.83,5.83,108.9,orange
88,54,16,20.89,65.98,6.38,96.97,maize
18,77,21,25.66,64.29,6.75,39.38,lentil
92,79,55,25.76,81.05,5.95,98.88,banana
94,14,52,24.37,85.59,6.71,56.54,watermelon
41,19,26,24.92,97.02,5.72,174.39,coconut
19,72,23,21.53,20.1,5.68,95.1,kidneybeans
52,65,22,31.05,68.94,7.14,68.15,blackgram
112,79,49,25.88,81.91,5.82,106.91,banana
103,19,29,24.2,53.2,5.85,125.91,coffee
47,69,24,28.06,66.8,6.74,71.43,blackgram
108,22,50,27.3,94.06,6.47,26.02,muskmelon
97,28,26,26.21,58.71,6.88,150.36,coffee
34,123,201,22.0,92.13,6.02,107.77,apple
94,10,48,27.84,91.76,6.49,20.08,muskmelon
23,66,20,34.04,56.17,6.45,134.73,pigeonpeas
91,7,49,28.41,92.64,6.35,21.2,muskmelon
48,60,18,30.14,67.47,7.6,68.29,blackgram
29,74,20,24.75,69.07,7.26,50.27,lentil
28,39,28,29.02,50.0,5.47,93.58,mango
91,83,49,31.19,79.54,5.83,109.62,banana
103,79,48,29.85,77.62,6.02,95.71,banana
41,64,49,42.1,91.83,6.83,70.25,papaya
21,10,40,19.27,88.83,5.72,106.95,pomegranate
87,21,52,28.85,92.08,6.26,24.84,muskmelon
32,28,28,26.4,94.68,5.95,190.54,coconut
96,55,38,24.43,74.26,6.83,180.74,jute
38,27,30,27.05,92.74,5.75,220.73,coconut
34,25,28,27.06,46.31,5.8,94.14,mango
22,129,198,23.19,94.4,6.08,103.84,apple
28,41,18,29.61,50.76,6.71,28.17,mothbeans
82,43,40,25.69,84.49,6.46,225.25,rice
75,54,34,23.81,85.36,6.36,281.75,rice
85,56,41,23.27,81.25,7.23,177.66,jute
29,59,20,18.71,21.85,5.88,122.71,kidneybeans
23,31,30,31.59,50.65,5.58,95.88,mango
79,44,20,23.8,59.89,6.16,70.42,maize
44,65,47,32.36,94.39,6.78,172.35,papaya
106,27,52,27.94,91.4,6.21,24.91,muskmelon
33,14,12,25.95,92.25,6.47,105.77,orange
109,17,52,27.38,91.6,6.1,25.36,muskmelon
38,59,17,21.33,62.38,7.13,56.61,lentil
74,58,43,24.68,79.98,6.86,187.38,jute
34,29,16,23.85,91.91,7.02,110.65,orange
38,71,76,17.67,20.24,7.23,65.15,chickpea
29,75,80,19.54,19.11,6.47,79.46,chickpea
17,141,200,21.65,92.59,6.29,105.13,apple
112,16,50,26.63,86.9,6.34,37.5,watermelon
30,19,7,14.63,94.54,6.89,107.87,orange
71,43,41,19.79,85.9,6.54,222.46,rice
113,29,30,23.67,47.5,6.39,130.93,coffee
40,68,74,18.86,21.03,8.16,75.78,chickpea
23,58,19,35.85,62.68,6.16,170.33,pigeonpeas
114,41,18,22.35,76.8,6.6,86.0,cotton
41,20,32,28.28,46.45,6.01,96.48,mango
35,27,28,33.63,44.67,6.45,96.83,mango
79,50,37,24.83,78.94,6.87,173.06,jute
18,19,27,25.85,98.31,5.59,217.4,coconut
30,21,9,21.21,93.58,7.23,110.14,orange
87,39,43,25.22,76.82,6.85,167.01,jute
111,90,51,27.43,80.66,6.28,104.6,banana
18,31,29,26.51,97.02,6.07,199.88,coconut
29,61,78,17.77,15.53,7.7,64.47,chickpea
115,13,50,28.09,90.76,6.46,26.33,muskmelon
101,78,51,26.87,81.15,5.67,114.91,banana
100,83,46,28.17,79.83,5.86,118.27,banana
22,128,200,22.3,91.4,6.17,102.16,apple
27,18,39,22.22,90.09,7.1,107.56,pomegranate
13,132,201,17.97,82.37,6.08,71.44,grapes
121,18,51,25.07,82.67,6.44,61.38,watermelon
29,54,17,26.97,43.48,7.15,51.32,mothbeans
30,54,14,34.14,86.87,6.73,41.97,mungbean
74,57,17,21.85,73.71,5.5,99.86,maize
25,77,22,18.72,19.83,5.73,99.6,kidneybeans
89,32,18,21.07,68.91,6.32,90.93,maize
21,23,46,21.4,86.54,6.83,103.81,pomegranate
16,68,16,16.73,21.13,5.73,128.11,kidneybeans
82,50,35,24.49,71.95,6.8,180.79,jute
25,58,23,25.3,18.41,5.72,102.52,kidneybeans
89,52,37,24.98,82.49,6.48,231.18,rice
32,71,24,26.21,63.31,6.69,47.05,lentil
37,32,34,31.4,50.85,6.31,91.7,mango
50,63,48,22.54,94.99,6.96,209.64,papaya
51,56,47,31.03,93.58,6.87,165.0,papaya
24,19,13,19.5,92.32,6.63,118.41,orange
25,119,202,28.66,83.08,5.88,73.35,grapes
26,24,37,24.0,87.53,6.43,103.2,pomegranate
24,71,20,19.68,20.96,5.67,85.39,kidneybeans
30,62,75,18.95,14.25,7.79,73.21,chickpea
25,14,28,27.28,97.96,6.11,153.68,coconut
90,24,51,27.47,92.29,6.31,29.72,muskmelon
29,133,205,28.84,81.91,5.6,69.33,grapes
105,85,50,26.01,75.83,6.02,102.22,banana
23,131,200,23.05,92.2,5.7,101.89,apple
27,8,13,26.5,91.68,7.14,106.73,orange
34,16,26,25.78,95.09,6.01,124.03,coconut
19,45,24,31.59,54.81,9.37,66.09,mothbeans
59,47,47,31.42,95.37,7.03,120.21,papaya
27,47,23,29.19,54.35,3.53,47.82,mothbeans
26,43,19,35.9,89.35,6.64,45.27,mungbean
104,50,20,23.43,81.71,6.84,99.64,cotton
79,43,39,22.48,79.59,6.54,247.5,rice
18,46,21,28.34,58.81,8.74,51.55,mothbeans
25,59,20,28.01,55.26,5.36,33.98,mothbeans
23,71,24,20.88,58.96,6.42,45.5,lentil
26,22,12,16.76,93.37,7.19,111.82,orange
36,63,16,18.8,18.98,5.96,73.78,kidneybeans
25,72,20,26.31,58.51,6.07,154.6,pigeonpeas
91,84,47,27.62,76.65,6.02,96.13,banana
28,17,26,26.2,94.74,5.87,173.52,coconut
21,128,200,20.79,93.18,6.36,108.09,apple
73,51,41,23.92,72.39,7.1,161.89,jute
123,51,19,24.86,80.9,7.1,80.37,cotton
96,30,50,26.93,85.72,6.25,50.57,watermelon
100,17,50,27.9,93.37,6.75,21.34,muskmelon
96,95,52,26.39,80.4,5.79,111.71,banana
30,76,78,19.33,20.05,8.47,71.16,chickpea
22,63,18,23.48,63.81,6.16,44.49,lentil
20,49,20,28.72,60.7,8.26,42.45,mothbeans
30,47,20,31.46,83.4,6.73,53.77,mungbean
24,31,26,33.93,49.85,5.48,91.38,mango
26,49,14,32.32,91.25,6.46,49.54,mungbean
20,64,23,39.38,62.85,5.62,133.42,pigeonpeas
31,19,29,26.81,48.34,6.09,94.75,mango
25,19,33,26.37,92.14,6.14,172.95,coconut
53,53,44,22.55,95.08,6.76,204.61,papaya
29,24,30,31.09,47.09,5.48,95.71,mango
20,29,10,18.38,93.97,7.06,119.57,orange
29,47,21,30.83,48.74,7.43,32.94,mothbeans
100,25,46,28.03,90.77,6.65,25.73,muskmelon
41,64,18,28.47,60.95,6.95,71.69,blackgram
111,23,49,24.91,84.34,6.49,44.15,watermelon
30,43,20,31.82,87.43,6.77,49.42,mungbean
25,64,22,19.61,23.98,5.57,99.43,kidneybeans
29,23,31,28.01,92.58,6.51,218.64,coconut
29,65,20,31.15,59.73,6.36,150.82,pigeonpeas
40,81,76,18.81,16.19,7.78,71.3,chickpea
16,28,30,28.26,53.33,5.83,88.31,mango
119,40,19,26.22,83.63,7.26,66.5,cotton
19,65,23,31.36,53.27,5.86,135.8,pigeonpeas
19,46,19,34.86,80.62,6.59,41.93,mungbean
108,9,55,26.47,84.42,6.96,50.83,watermelon
99,18,29,23.48,60.44,6.43,147.88,coffee
67,44,41,24.16,73.72,6.29,195.13,jute
57,45,51,40.27,92.86,6.9,85.02,papaya
75,29,28,25.7,69.94,7.02,139.4,coffee
22,44,22,31.99,84.69,6.45,63.12,mungbean
34,24,9,15.37,95.57,6.53,110.55,orange
34,75,19,20.32,67.16,6.73,48.05,lentil
27,127,201,21.91,91.13,6.17,114.63,apple
24,70,77,17.82,21.19,7.67,68.97,chickpea
30,62,20,19.35,20.63,5.6,115.44,kidneybeans
23,23,34,26.72,96.2,5.45,170.73,coconut
22,69,20,21.49,62.43,6.8,56.53,lentil
28,133,196,21.88,92.19,5.87,108.0,apple
23,74,23,31.83,46.19,5.72,156.93,pigeonpeas
95,35,30,24.75,58.62,6.56,169.15,coffee
31,8,31,26.14,91.13,5.82,195.21,coconut
20,34,30,29.3,47.99,5.12,97.59,mango
36,29,28,30.71,49.87,4.64,95.83,mango
22,68,20,19.15,22.32,5.74,116.9,kidneybeans
24,65,17,20.69,21.71,5.77,119.76,kidneybeans
132,46,23,23.45,79.67,6.7,75.29,cotton
30,41,19,31.45,83.65,6.4,40.71,mungbean
74,48,41,23.56,87.84,6.56,230.55,rice
124,45,24,23.05,80.51,6.69,68.73,cotton
57,62,47,21.17,92.08,6.89,76.9,papaya
31,59,21,18.5,23.3,5.75,93.67,kidneybeans
18,22,28,35.51,56.25,5.62,94.76,mango
98,34,27,26.8,49.95,7.35,129.52,coffee
34,34,30,33.05,50.08,4.83,96.99,mango
27,13,31,26.48,93.07,6.4,187.64,coconut
15,71,21,28.76,51.05,6.05,131.62,pigeonpeas
88,14,30,27.61,64.31,6.2,124.07,coffee
113,13,48,27.66,91.08,6.46,25.6,muskmelon
33,20,10,32.4,94.07,7.2,106.28,orange
19,24,44,23.47,88.04,7.19,105.62,pomegranate
30,63,23,33.31,61.52,6.92,157.0,pigeonpeas
93,32,30,24.98,60.62,7.07,193.92,coffee
103,23,50,27.35,90.41,6.31,24.5,muskmelon
23,23,43,21.05,87.31,6.19,99.23,pomegranate
78,46,23,21.04,57.4,6.74,90.18,maize
25,73,19,24.31,21.04,5.73,68.76,kidneybeans
25,26,36,22.23,87.52,6.12,109.95,pomegranate
106,27,32,25.21,58.44,6.34,132.3,coffee
33,62,77,19.88,17.05,7.18,73.28,chickpea
23,16,40,20.4,91.21,6.43,107.13,pomegranate
87,28,47,28.25,92.56,6.33,28.17,muskmelon
27,70,17,18.89,18.97,5.61,89.05,kidneybeans
42,49,49,39.38,95.04,6.82,166.25,papaya
32,26,33,30.32,48.5,5.8,93.4,mango
70,46,21,24.47,65.28,5.72,85.53,maize
25,69,18,26.2,65.05,6.99,49.14,lentil
30,72,82,21.08,15.89,7.74,70.44,chickpea
104,22,50,28.41,90.28,6.38,23.17,muskmelon
25,71,19,29.32,61.71,6.48,105.79,pigeonpeas
39,30,27,29.02,48.83,4.9,94.28,mango
84,9,51,25.27,87.04,6.34,50.17,watermelon
94,47,34,24.55,77.84,6.71,182.45,jute
45,55,22,32.12,71.82,7.59,65.23,blackgram
27,22,36,24.63,90.56,6.81,99.84,pomegranate
22,133,199,22.49,91.75,5.38,118.88,apple
117,15,52,24.5,82.69,6.75,53.3,watermelon
49,61,50,32.32,94.01,6.87,265.48,papaya
31,127,201,22.83,92.43,6.21,100.28,apple
39,14,6,27.38,90.92,7.69,116.19,orange
106,85,50,28.42,77.77,6.38,117.16,banana
124,50,19,24.18,83.84,7.38,74.98,cotton
25,129,197,29.87,80.79,5.94,71.07,grapes
30,66,84,17.47,15.55,7.65,86.76,chickpea
95,33,31,26.08,61.1,6.09,151.57,coffee
79,53,39,23.26,85.45,6.88,237.04,rice
115,56,20,23.78,83.19,7.05,83.07,cotton
26,30,29,29.26,50.2,6.66,94.1,mango
48,67,52,29.78,90.25,6.79,120.05,papaya
30,58,21,20.71,20.49,5.58,103.72,kidneybeans
60,76,17,26.05,72.59,7.01,67.01,blackgram
34,59,82,19.84,13.0,6.85,68.78,chickpea
22,19,37,23.03,87.09,6.23,104.75,pomegranate
24,53,18,26.1,54.84,7.72,56.25,mothbeans
25,134,199,17.88,81.49,5.58,67.48,grapes
43,39,29,33.61,50.25,6.84,95.92,mango
41,69,17,30.32,73.01,7.81,71.58,blackgram
85,51,43,25.32,77.55,6.82,177.65,jute
28,51,19,23.15,51.17,8.77,76.94,mothbeans
32,48,20,34.34,81.56,6.65,55.33,mungbean
72,50,39,24.14,79.13,6.59,176.2,jute
34,12,40,23.55,89.98,6.23,106.17,pomegranate
56,76,23,23.75,64.6,7.3,62.54,blackgram
94,37,29,26.04,61.46,6.71,181.33,coffee
26,59,21,22.1,19.85,5.52,113.86,kidneybeans
31,19,10,16.93,90.25,7.5,109.72,orange
22,75,21,20.34,21.35,5.61,136.57,kidneybeans
32,17,36,20.87,85.82,6.32,103.08,pomegranate
96,24,52,26.23,86.51,6.41,41.1,watermelon
98,53,22,20.05,59.43,6.23,64.13,maize
118,9,54,27.5,90.73,6.19,22.46,muskmelon
98,86,46,26.69,80.59,6.02,106.49,banana
23,73,21,20.34,65.26,7.07,50.48,lentil
29,22,39,19.99,86.46,5.8,106.38,pomegranate
32,123,198,22.84,93.8,6.13,112.0,apple
29,71,14,17.68,21.17,5.88,117.88,kidneybeans
98,80,53,28.64,82.34,6.44,101.29,banana
81,42,44,24.89,84.58,6.34,216.47,rice
45,69,18,28.9,62.51,7.02,60.95,blackgram
19,10,38,24.03,88.07,5.29,103.44,pomegranate
24,26,28,32.17,53.42,5.23,91.32,mango
95,7,49,27.45,93.41,6.44,26.48,muskmelon
34,71,21,33.15,65.0,7.66,145.26,pigeonpeas
20,74,19,19.31,19.44,5.7,138.41,kidneybeans
90,79,48,28.72,77.38,6.0,88.87,banana
88,23,31,26.33,56.35,6.75,164.18,coffee
16,75,17,25.96,63.96,6.04,47.09,lentil
30,36,22,27.05,53.53,4.38,52.77,mothbeans
112,71,54,28.3,76.81,6.3,118.49,banana
73,55,21,24.12,72.58,6.13,71.92,maize
17,18,30,27.86,94.84,6.24,153.52,coconut
74,47,44,21.65,83.93,6.84,226.62,rice
69,49,38,25.22,74.7,7.25,154.4,jute
54,66,24,27.57,66.0,7.37,71.96,blackgram
72,56,17,18.95,70.94,5.66,77.05,maize
82,48,19,21.54,67.08,6.56,66.28,maize
24,130,202,37.87,80.21,5.83,71.14,grapes
33,56,18,34.21,84.79,6.96,48.2,mungbean
29,133,200,20.7,82.64,5.87,70.98,grapes
100,45,44,23.7,83.71,6.22,235.47,rice
121,17,50,25.91,86.99,6.69,41.54,watermelon
50,63,50,41.7,91.16,6.96,214.82,papaya
51,53,45,41.17,92.22,6.9,190.37,papaya
37,71,80,20.93,17.99,7.29,85.2,chickpea
74,57,40,25.86,71.98,6.48,159.65,jute
27,67,21,34.28,69.84,5.21,138.73,pigeonpeas
35,67,75,18.61,14.1,8.06,81.17,chickpea
73,48,17,21.22,69.18,6.24,103.14,maize
45,50,51,29.15,89.67,6.83,92.29,papaya
33,71,19,22.36,17.25,5.8,102.58,kidneybeans
35,71,82,18.88,17.87,7.48,84.53,chickpea
16,135,203,22.25,93.52,5.95,112.39,apple
27,54,77,21.03,15.8,6.91,66.29,chickpea
31,17,10,24.58,91.31,6.97,106.35,orange
21,19,8,30.65,92.23,6.47,109.98,orange
112,27,31,26.69,61.61,6.51,160.95,coffee
104,15,33,25.61,65.08,6.63,145.75,coffee
33,70,19,23.05,19.96,5.92,100.66,kidneybeans
23,20,12,20.8,92.08,6.91,114.33,orange
36,15,11,19.29,91.73,6.17,118.29,orange
26,67,21,29.22,51.43,7.53,158.93,pigeonpeas
111,23,32,26.27,59.49,7.05,169.3,coffee
82,47,18,24.27,74.36,6.02,100.43,maize
122,62,22,25.81,76.59,6.95,83.17,cotton
113,51,18,24.79,79.12,5.92,86.49,cotton
22,73,22,34.37,63.46,5.41,138.7,pigeonpeas
34,49,21,26.67,67.07,8.08,25.85,mothbeans
51,62,18,31.27,71.55,6.81,66.18,blackgram
31,17,28,27.39,94.36,5.51,119.06,coconut
18,65,23,21.16,21.41,5.83,117.96,kidneybeans
107,29,55,28.1,94.54,6.39,27.34,muskmelon
21,133,198,23.18,93.19,6.11,118.71,apple
87,48,41,23.19,81.09,6.42,185.37,jute
119,83,49,27.5,82.14,5.98,105.7,banana
78,52,42,25.65,70.82,6.86,187.62,jute
42,73,24,31.28,69.02,6.87,72.33,blackgram
26,68,78,21.15,14.65,7.6,67.01,chickpea
89,49,37,25.08,85.95,6.81,239.1,rice
22,132,201,22.79,90.91,6.02,106.93,apple
32,67,18,15.56,19.31,5.55,105.6,kidneybeans
31,63,19,25.76,60.9,7.48,46.51,lentil
98,10,51,26.11,85.42,6.34,51.7,watermelon
31,25,32,30.76,47.69,6.6,97.82,mango
14,18,32,26.68,93.64,6.26,171.27,coconut
28,25,30,27.53,96.62,5.93,170.64,coconut
53,55,46,43.84,94.14,6.96,184.39,papaya
25,28,39,22.04,89.16,6.25,99.22,pomegranate
90,55,41,23.03,73.83,7.09,164.84,jute
36,39,17,26.6,60.36,6.31,54.87,mothbeans
83,33,43,24.69,73.11,6.94,160.55,jute
31,123,199,22.57,92.37,6.12,106.53,apple
17,135,201,22.53,91.83,6.08,99.29,apple
30,20,29,30.55,47.54,6.23,93.01,mango
35,143,202,22.02,82.36,5.65,70.03,grapes
27,24,27,34.76,53.14,5.52,95.48,mango
29,61,20,33.53,62.45,6.43,202.38,pigeonpeas
46,65,22,25.23,71.88,6.89,69.61,blackgram
49,65,49,38.43,92.11,6.75,189.47,papaya
29,68,19,22.0,67.2,7.08,54.82,lentil
101,50,15,20.62,65.32,6.38,97.26,maize
131,50,22,24.75,75.77,7.07,96.94,cotton
99,20,47,25.07,82.67,6.43,53.81,watermelon
78,23,51,25.48,83.68,6.16,52.03,watermelon
85,51,38,25.48,85.22,6.67,278.22,rice
21,60,16,20.97,66.45,6.54,41.54,lentil
36,60,78,21.46,18.99,6.88,78.16,chickpea
86,46,42,24.73,76.22,6.81,156.56,jute
77,18,51,26.39,85.43,6.79,58.21,watermelon
17,68,23,34.49,53.25,5.64,171.4,pigeonpeas
20,43,19,27.89,58.68,5.57,43.75,mothbeans
17,16,40,21.57,86.61,5.86,109.82,pomegranate
52,62,79,20.14,19.46,6.39,84.73,chickpea
23,23,43,25.58,89.0,6.21,105.89,pomegranate
38,20,43,24.29,86.78,5.71,106.34,pomegranate
29,138,200,22.94,94.28,5.78,111.18,apple
25,130,201,21.47,81.65,6.29,70.71,grapes
24,37,21,33.92,89.38,6.65,47.98,mungbean
68,48,16,17.65,68.58,5.76,78.0,maize
72,47,22,21.93,60.89,6.23,86.17,maize
74,53,42,21.76,86.3,6.45,195.51,rice
25,42,20,28.45,59.59,8.19,56.66,mothbeans
96,50,16,23.1,67.73,6.13,69.75,maize
94,21,51,24.73,83.35,6.77,43.43,watermelon
114,34,31,25.92,50.69,6.21,158.23,coffee
36,66,20,18.75,20.35,5.65,92.78,kidneybeans
23,68,22,31.49,66.83,6.17,188.54,pigeonpeas
17,127,198,27.45,81.36,5.96,73.28,grapes
21,39,20,25.8,61.01,6.28,59.72,mothbeans
60,41,43,24.0,75.2,6.75,185.76,jute
46,65,20,27.26,66.47,6.77,76.2,blackgram
36,25,31,33.76,51.44,5.39,91.63,mango
101,24,32,23.67,47.9,6.92,141.67,coffee
109,19,48,28.4,90.96,6.38,24.53,muskmelon
36,58,52,33.09,92.77,6.96,146.76,papaya
77,25,52,25.84,84.31,6.7,43.06,watermelon
29,28,30,25.88,46.33,6.37,96.41,mango
123,7,45,26.31,82.37,6.72,46.77,watermelon
92,43,39,23.23,74.41,7.16,193.91,jute
116,17,51,24.82,84.71,6.3,46.54,watermelon
79,50,41,23.82,73.77,6.91,193.9,jute
34,62,17,26.49,62.4,7.05,47.66,mothbeans
32,51,23,29.46,85.5,6.19,41.98,mungbean
34,133,204,42.95,79.58,6.01,74.63,grapes
24,31,28,34.0,46.3,5.88,95.29,mango
41,20,29,26.17,92.8,5.88,176.86,coconut
22,28,29,26.55,94.22,6.22,209.72,coconut
57,59,45,37.23,92.22,6.87,71.29,papaya
76,38,42,23.88,77.72,6.46,191.12,jute
112,37,29,24.98,60.26,7.34,143.36,coffee
22,63,82,18.76,17.44,7.02,74.04,chickpea
51,58,50,35.76,91.52,6.79,121.4,papaya
44,52,52,38.47,93.56,6.81,187.57,papaya
92,17,54,26.9,88.89,6.7,52.03,watermelon
24,46,19,26.43,45.72,4.21,41.63,mothbeans
26,47,19,33.19,80.69,6.7,49.8,mungbean
27,21,11,19.24,93.77,6.67,104.46,orange
98,15,45,28.2,92.47,6.39,23.98,muskmelon
84,22,24,25.41,61.12,6.12,139.16,coffee
27,20,41,22.22,85.84,6.44,109.41,pomegranate
22,57,19,26.08,65.05,8.26,48.74,mothbeans
87,17,51,27.92,92.17,6.5,20.09,muskmelon
31,19,29,32.12,50.42,6.27,88.11,mango
90,43,41,23.5,90.67,6.03,260.86,rice
117,32,19,24.88,79.18,6.37,70.2,cotton
23,60,23,30.76,59.3,6.53,57.04,mothbeans
16,70,81,17.38,15.18,6.78,71.03,chickpea
128,47,19,24.04,81.0,6.71,74.18,cotton
25,75,16,33.24,55.7,5.65,146.07,pigeonpeas
18,134,198,20.93,91.34,5.59,109.62,apple
14,21,36,26.33,96.83,6.24,217.77,coconut
53,64,23,30.45,65.06,7.15,72.9,blackgram
94,14,50,27.39,93.9,6.43,24.39,muskmelon
86,42,18,19.75,64.15,6.21,87.14,maize
43,58,21,19.03,21.76,5.68,94.85,kidneybeans
19,28,31,32.33,50.57,5.66,88.04,mango
26,75,19,34.85,52.15,6.67,139.11,pigeonpeas
24,36,22,30.11,87.52,6.95,46.11,mungbean
90,80,51,27.59,82.51,6.19,116.23,banana
94,48,37,22.52,83.57,6.68,251.51,rice
87,49,22,24.96,63.14,6.28,91.73,maize
20,133,198,21.47,82.77,6.29,69.94,grapes
30,17,31,26.43,93.36,6.25,173.25,coconut
48,54,51,40.9,92.34,6.78,219.09,papaya
16,23,35,20.47,87.51,6.35,101.29,pomegranate
27,62,20,20.98,21.76,5.96,93.73,kidneybeans
106,25,26,24.64,67.68,6.93,184.27,coffee
131,48,21,25.38,81.17,7.26,55.77,cotton
52,57,49,34.05,89.38,6.91,137.29,papaya
21,72,25,28.08,65.91,6.63,49.49,lentil
92,15,52,27.53,92.95,6.47,23.97,muskmelon
50,66,19,32.28,66.48,7.23,63.24,blackgram
23,66,17,27.16,67.97,6.47,45.19,lentil
22,55,19,26.89,59.53,5.88,146.66,pigeonpeas
24,61,19,28.03,66.86,5.79,49.29,lentil
93,15,52,24.54,87.27,6.45,53.09,watermelon
90,17,51,25.93,82.99,6.02,49.03,watermelon
36,62,15,32.42,60.43,5.19,134.87,pigeonpeas
37,18,28,26.15,95.58,5.91,184.32,coconut
22,132,195,33.88,83.35,5.69,68.32,grapes
123,25,53,26.03,83.46,6.65,57.62,watermelon
29,66,25,18.28,22.68,5.62,94.53,kidneybeans
29,138,199,21.81,81.67,6.5,67.4,grapes
30,17,15,22.57,91.89,6.94,114.51,orange
28,67,18,23.67,62.73,6.68,46.97,lentil
106,21,46,27.93,93.31,6.66,20.68,muskmelon
30,61,24,19.84,21.22,5.98,87.2,kidneybeans
79,43,18,22.99,62.09,6.6,80.17,maize
32,25,30,28.91,52.87,6.08,94.83,mango
29,17,39,23.35,88.14,6.36,105.72,pomegranate
109,21,52,26.22,84.17,6.5,49.68,watermelon
107,16,27,23.54,54.69,6.21,156.7,coffee
23,66,16,24.06,67.23,5.96,39.95,lentil
85,42,26,20.38,61.05,6.32,73.72,maize
32,50,17,36.29,86.19,6.95,47.82,mungbean
112,56,19,22.39,82.73,6.84,93.37,cotton
125,46,20,23.19,85.86,7.22,92.2,cotton
24,74,23,36.52,50.83,6.45,109.77,pigeonpeas
35,69,18,18.07,21.87,5.62,121.16,kidneybeans
84,44,43,24.22,77.73,6.56,159.69,jute
19,77,23,33.64,63.27,6.67,139.86,pigeonpeas
28,129,201,22.58,82.5,6.36,71.32,grapes
58,64,20,26.12,63.75,7.45,70.22,blackgram
75,50,42,25.76,84.36,6.1,226.95,rice
30,17,41,25.07,90.64,6.05,108.1,pomegranate
100,80,52,27.19,76.27,5.8,105.19,banana
43,33,28,29.06,53.45,5.58,93.9,mango
123,60,21,23.99,81.61,6.27,80.22,cotton
121,19,45,25.48,83.87,6.16,45.06,watermelon
86,41,43,21.76,83.09,6.53,240.74,rice
95,21,52,25.12,83.17,6.46,51.65,watermelon
24,131,200,22.61,91.7,6.32,107.66,apple
101,91,49,28.48,81.65,5.75,96.84,banana
104,30,31,25.55,59.07,6.79,161.14,coffee
68,37,39,25.15,75.62,6.31,184.65,jute
73,45,20,21.33,68.68,5.89,63.36,maize
